name,pid,collaborators_pids
Pedro Pedrosa Rebouças Filho,91/2760,"228/1760,63/11435,67/10788,24/4105-6,l/JaimeLloret,172/8076,172/8176,259/8374,246/6518,10/1483,218/2183,143/0298,211/9729,89/8657,33/8436,208/7460,167/6934,248/1793,201/6726,30/5446,150/1679,23/9794,188/7595,78/9590,271/6685,260/2210,225/1981,83/6158,211/9655,172/8662,205/0478,96/3441,83/5213,286/6033,249/8014,232/9327-1,47/8013,50/7714,278/5768,88/7651,204/3241,213/1706,145/5569,84/4762,280/7283,211/5031,75/2327,202/1503,264/8226,256/0210,176/9912,204/2558,248/1909,s/BiplabSikdar,266/0237,t/JoaoManuelRSTavares,229/8285,273/7456,204/3160,193/6861,238/4664,25/9173,172/8655,273/7566,228/1575,201/6702,209/7569,200/9735,89/4656,218/2208,208/6829,159/2187,264/8671,02/4334,213/1744,71/2978-2,172/7934,228/1643,258/1123,72/3054,217/4373,76/5770,231/4973,07/9766,193/7128,43/3761,238/3609,260/2308,149/9190,87/4441,235/8744,15/1123,211/9546,218/2219,94/8093,25/3419,64/6515,34/9173,275/7907,158/4648,208/6747,191/7614,201/6631,163/4506,270/2854,27/10620,78/744-4,18/8544,242/7382,15/3403,131/3352,264/8692,94/1127"
Aloisio Vieira Lira Neto,225/1981,"283/0931,159/2187,273/7566,84/4762,273/7456,275/7907,91/2760,67/10788,266/0237,213/1744,30/5446,287/3583,47/8013,64/6515,46/10289,204/3160,213/1706,287/3173,280/7283,285/7356,193/6861,238/4664"
Tao Han 0004,78/744-4,"264/8226,259/8374,49/10239,228/1643,l/JaimeLloret,211/5031,285/7356,264/8671,228/1760,286/6033,91/2760,89/8657,14/1570,41/7692,122/2505,125/8189,80/10637,238/3609,46/10289,47/8013,264/8692,256/0210,20/241-15,186/4237,132/9468,232/9327-1,204/3160,240/3351,271/6685,63/11435,b/SungWookBaik,221/4512,130/2606,68/2794,248/2687,205/7268,260/2308,146/0971,157/3343,83/8389,240/3503,139/8420,08/8276,187/1067,62/4318,248/0302,248/0510,75/2327,66/5574,260/2210,193/7128,188/8899,180/0803,186/3610,249/8014,273/7566,150/1679,231/4850,204/2558,76/1820-23,84/5863,159/2187,33/10759,191/7614,44/4000,285/8793,218/2869,265/0037,213/1706,220/7864,49/594,25/1234"
Gabriel Maia Bezerra,275/7907,"64/6515,273/7566,204/3160,67/10788,273/7456,280/7283,225/1981,47/8013,91/2760,193/6861"
Luís Fabrício de F. Souza,259/8374,"211/5031,273/7566,232/9327-1,91/2760,264/8692,204/3160,264/8671,47/8013,191/7614,84/4762,78/744-4,264/8226,249/8014"
Joao Victor Souza das Chagas,280/7283,"91/2760,273/7456,275/7907,225/1981,64/6515,47/8013"
Adriano Bessa Albuquerque,64/6515,"162/1170,47/8013,91/2760,19/5063,73/3347,239/9176,71/8804,75/8725-2,18/10264,87/7376,67/3698,160/9086,275/7907,225/1981,83/5213,25/3419,179/3542,160/8720,160/8866,273/7456,280/7283,177/9063,79/7376"
Elene F. Ohata,273/7456,"275/7907,280/7283,225/1981,64/6515,47/8013,91/2760"
Yongzhao Xu,238/3609,"132/9468,63/11435,221/4512,187/1067,248/0302,248/0510,180/0803,248/2687,228/1643,271/6685,78/744-4,91/2760,08/8276,130/2606,139/8420,20/241-15,220/7864,231/4850,80/10637,228/1760,286/6033,44/4000"
José Neuman de Souza,02/4334,"65/3690,48/91,147/1147,76/11529,s/JacquesPhilippeSauve,06/792,21/9114,88/4289,76/10475,r/OmerFRana,57/7634,256/3404,93/10788,69/1904,16/11086,91/6974,165/8186,151/5214,204/5904,123/3826,s/BiplabSikdar,131/5507,20/369,201/4222,m/EdmundoRobertoMauroMadeira,279/2064,00/7946,g/LPGaspary,36/10735,62/3732,171/2558,47/772,136/4290,44/7892,133/3753,164/8063,61/7821,49/594,248/1909,47/8013,67/10788,91/2760,y/QiangYang4,l/AntonioAlfredoFerreiraLoureiro,18/4139,16/1455,27/729,07/9766,07/8753,71/2463,04/5632,68/10788,04/162,28/1189,31/3704,31/6913,82/3243,142/4632,61/6138,88/6376,125/8102,122/5098,14/2269,31/2788,h/JamesWonKiHong,32/4359,85/7266,85/1889,09/4470,137/8716,m/ConstandinosXMavromoustakis,126/6814,z/AlbertYZomaya,204/6143,143/1079,l/JaimeLloret,180/2069,73/2285,52/4475,63/3457,70/6828,76/9779,50/943,77/3282,02/3940,96/10809,79/1256,133/3769,16/9780,171/5407,92/8752,74/5034,50/7714,158/4648,37/3973,08/5956,91/1113,27/6418,66/2701,l/PascalLorenz,76/4975,224/9575,25/3100,84/5587,191/5775,64/6025-58,24/6281-1"
Pedro Henrique Feijo de Sousa,228/1643,"271/6685,63/11435,91/2760,72/3054,238/3609,78/744-4,286/6033,258/1123,47/8013,228/1760"
Tiago Carneiro 0001,07/9766,"248/1909,158/4648,74/3045,193/7128,89/4656,208/6829,50/7714,91/2760,178/0659,80/3976,229/8285,67/10788,47/8013,32/1402,02/4334,s/BiplabSikdar,m/NouredineMelab,24/4105-6,15/3403,143/0298"
Marcos Aurelio A. Ferreira Junior,249/8014,"264/8226,259/8374,264/8671,264/8692,232/9327-1,91/2760,78/744-4"
Chuanyu Jia,286/6033,"63/11435,78/744-4,91/2760,238/3609,228/1760,228/1643,271/6685"
Bismark C. Torrico,63/11435,"247/4568,247/4407,187/8801,255/3590,238/3609,271/6685,247/4383,247/4247,135/4247,95/7054,80/3483,93/11047,286/6033,293/3553,91/2760,68/819,175/8889,90/7053,228/1760,228/1643,219/1755,40/952,29/6913,115/8444,78/744-4"
Navar Medeiros M. e Nascimento,228/1760,"47/8013,91/2760,213/1706,228/1575,238/3609,271/6685,78/744-4,167/6934,76/5770,228/1643,63/11435,205/0478,286/6033"
Alisson Barbosa de Souza,50/7714,"248/1909,02/4334,158/4648,s/BiplabSikdar,67/10788,07/9766,91/2760,47/8013"
João W. M. de Souza,193/6861,"242/7382,273/7566,275/7907,204/3160,205/0478,217/4373,225/1981,91/2760,201/6726,67/10788,193/7128,131/3352,47/8013,211/5031"
Carlos M. J. M. Dourado Júnior,270/2854,"204/2558,208/6829,47/8013,208/6747,149/9190,150/1679,159/2187,91/2760"
Iágson Carlos Lima Silva,264/8692,"264/8226,249/8014,232/9327-1,91/2760,78/744-4,264/8671,273/7566,84/4762,47/8013,259/8374"
Jinghua Sun 0001,232/9327-1,"264/8226,91/2760,71/6977,263/5516,170/5534,35/837-48,20/5998,48/450-73,20/5094,99/6100,259/8374,25/2254,207/7716,249/8014,151/5173,263/5110,11/5670,263/5395,16/3621,43/2513,78/744-4,264/8671,264/8692"
Fabricio Gonzalez Nogueira,271/6685,"247/4383,228/1643,175/8889,293/3553,247/4407,255/3590,271/6377,228/1760,286/6033,247/4568,271/6763,159/5088,238/3609,63/11435,91/2760,271/6646,271/6757,78/744-4,68/819,247/4247"
Biplab Sikdar,s/BiplabSikdar,"150/5726,51/6095,22/6176,72/5666,200/0639,47/8013,80/5903,a/NirwanAnsari,153/4374,12/2071,213/0981,85/2285,56/1246,02/4334,176/0842,05/2339,146/8257,87/5888,158/4648,15/1123,57/9993,74/7583,246/7006,151/4540,83/5663,62/5275,254/6131,69/7372,41/1215,k/ShivkumarKalyanaraman,244/4345,92/6289-76,95/3616-6,255/1453,l/HWLim,87/2250,44/4123,32/6464,287/7221,91/3663,50/7714,66/5539,290/8316-1,30/10586,02/8966,45/1012,248/1909,228/6043,244/9060,56/2309,71/5073,141/6033,140/3217,53/4783,244/4374,48/4750,02/3226,07/6434,282/3405,130/0940,253/3009,07/9766,c/KimKwangRaymondChoo,87/6982,04/8395,28/6881,53/6758,t/MarinaThottan,11/4973,268/3741,71/7910,91/2760,67/10788,33/6649,240/7224,260/1203,82/2173,287/6949,244/4351,163/0149"
Jardel das C. Rodrigues,248/1909,"07/9766,91/2760,02/4334,s/BiplabSikdar,201/6631,50/7714,158/4648,47/8013,248/1793,67/10788"
Khan Muhammad,159/2187,"21/9114,28/2967,270/2854,199/2349,281/2236,h/AboulEllaHassanien,50/5725,117/9033,64/3824,150/1679,263/1633,150/1240,89/6036,217/4690,y/SangSooYeo,146/0413,195/9248,72/4666,75/2327,69/1899,133/4051,288/3999,155/3176,201/6631,05/9637,b/PaoloBellavista,194/3112,259/1409,03/103,235/7415,10/6898,152/2648,66/3605,173/8544,93/10671,233/8613,193/1540,14/4383,216/4074,188/5937,261/4957,142/2081,254/7437,25/3419,87/3082,83/1777,78/744-4,291/2029,234/3884,292/9728,249/7991,18/8544,48/3258,21/2715,265/0037,234/8146,32/10757,48/3321,240/2402,89/9553,63/550,39/2699,66/6334,f/GiancarloFortino,45/10235,09/8192,95/5907,285/8793,280/1581,271/5750,288/8223,46/10289,34/7348,15/4208-3,145/0400,283/0931,32/6735,254/7516,10/3402,165/1028,68/269,16/9939,282/0975,150/8548,146/1188,173/0062,49/2177,198/7649,142/2088,73/4067,15/1869,62/9280,115/5533,263/5677,219/4257,155/8045,214/5936,192/2423,195/3333,193/0791,33/6012,19/5207,118/2438,94/1127,73/8780,33/10759,09/2944,53/9359,187/4180,91/2760,263/1572,17/1169-5,93/9323,96/3441,48/1674-1,190/9628,73/8286,155/0258,14/3916,144/0554,46/3473,224/2862,70/9393,91/2882,08/7188,196/5743,57/6739,208/6829,58/10701,194/0487,78/10960,223/3643,b/SungWookBaik,234/3894,207/4659,154/7006,157/1898,238/7985,88/1239,188/8899,272/8485,76/5789-2,71/10836-1,274/5699,173/3744,218/2212,176/1488,03/8293,128/7830,42/1503,13/4047,69/6007,191/5755,164/3587,86/7269,202/1523,40/237,87/966,133/0292-1,78/5250,140/1285,225/1981,43/8647,279/6916,142/2070,88/5343-1,57/5443,55/8637,18/3784,k/UmairKhan,150/1430,61/9409,46/295,03/9444,201/8826,122/1889,73/9344,37/7536,191/2091,83/7092,235/2180,154/3257,98/738,173/3758,52/10105,01/9551,39/2699-1,21/3047,206/4248,223/3451,22/6701,51/8909,37/1478,124/7062,53/8145,30/4028,89/5852,35/4780-1,211/3677,264/5002,14/8275,00/873,47/8013,204/2558,189/9910,21/1037,37/10395,145/2492,159/1769,160/8465,285/7356,28/582,183/5494,84/4762,154/3805,03/3524-2,88/5343,71/5935,138/4750,43/180-2,61/295,64/350,53/2452,09/5153,l/JaimeLloret,254/7820,31/10122,71/9771,90/3406-3,246/3973,229/5716,262/3174,295/0312,200/1281,p/VasilePalade,04/8395,19/4923,214/4211,22/1348,82/2579,89/7455,205/7268,118/5315,179/8042,10/5061,76/1820-55,218/1863,42/8982,156/9222,s/AndrewCSimpson,64/8637,209/7341"
Victor Hugo C. de Albuquerque,47/8013,"01/11269,41/8730,228/1575,198/3643,226/7933,25/3419,280/7283,286/3974,121/8054,36/5791,64/1281,217/0314,176/9888,287/3173,98/7758,f/GiancarloFortino,283/6040,b/SungWookBaik,218/2208,235/8744,46/4519,275/7907,217/2021,173/0841,134/4032,94/3962,68/2794,33/6012,225/8685,225/1981,96/3441,217/2237,68/5597,283/6272,19/360-37,183/9803,19/4923,200/2165,211/9546,142/3970,287/3583,260/2210,15/9596,28/582,173/0880,76/1820,28/7999,183/9789,290/5564,43/10170,30/2806,t/JoaoManuelRSTavares,40/1068,201/2349,246/0462,05/6017,62/4124,149/6902,46/4863,283/0931,246/6518,208/7517,45/10235,265/0145,242/7382,230/6656,183/1708,48/1294,115/5819,18/3784,221/3701,164/7973,32/6735,242/5330,85/10238,127/2644,75/2327,193/7128,228/1643,258/1123,218/4588,30/10197,264/8692,172/8214,30/4028,238/2664,147/9104,94/5167-2,19/5635,74/9763,285/1783,193/6861,270/3210,229/8285,211/0744,211/9655,150/2053,06/5687,222/4879,235/5512,132/8751,223/6287,169/9880,49/595-1,248/1802,248/1793,172/7934,15/445,83/2890,84/7292,58/10701,70/3961,126/6215,25/1234,45/3684,195/5342,96/3717,224/5795,131/3352,230/6683,188/7595,214/5936,224/6585,99/4622,10/5630-45,39/871,217/6756,30/8436,126/0975,217/0363,133/0292-1,258/0597,201/6702,221/6553,172/8076,172/8662,180/6064,71/4081,130/8299,258/0821,24/7231,94/8093,46/10289,234/8195,256/0210,222/9075,88/5343-1,211/9729,146/1188,43/8647,78/744-4,142/2081,238/2619,34/9173,204/3160,72/3054,178/9866,260/2308,27/10620,06/10701,86/8617,263/8647,278/2157,184/7011,260/2351,207/1344-2,07/5565,158/4648,259/9531,53/8145,249/7991,167/6934,03/9444,152/8557,91/2760,216/9668,67/10788,50/4014,248/4153,89/4656,43/3761,230/6542,221/6293,33/8436,68/1284,10/2834,f/AlexandreXFalcao,220/2208,228/1760,238/4664,150/1679,17/6253,84/4762,273/7456,89/8657,218/2183,176/9912,258/4005,208/7460,150/4461,238/2863,211/5031,28/6297,204/2558,17/1169-5,256/6950,73/8780,228/1505,217/3332,201/6726,o/CarlosASOliveira,270/2854,145/5569,62/4318,35/4780-1,79/7409,44/4796,223/6206,223/6260,49/595,131/1285,266/0237,283/6165,217/0347,205/0478,222/4554,218/2219,222/4195,232/5024,285/7356,s/BiplabSikdar,259/9376,201/2295,p/VasilePalade,149/9190,245/6860,l/PascalLorenz,273/7566,78/10960,m/ConstandinosXMavromoustakis,97/2016,218/2212,50/7714,144/9411,155/3176,249/8079,214/2906,238/2590,270/3346,208/6747,00/10001,194/3112,05/950,15/1123,221/5363,94/1127,188/8899,213/1744,133/0841,231/2120,b/PaoloBellavista,179/8042,d/IvanoeDeFalco,224/3923,283/6367,34/4377,139/4330,155/0258,37/7536,115/5533,238/7032,277/4816,285/1983,41/6238,223/6209,183/9750,78/9590,258/4119,73/4370,25/9173,55/8637,142/2088,23/684,277/4671,31/8747,06/4036-6,205/7268,265/0037,138/2863,88/7651,c/AndreLVCoelho,96/9925,205/1876,87/3082,230/6534,235/0654,20/9406,167/6858,183/8811,62/2006,143/0298,68/7380,166/3079,79/10810,l/JaimeLloret,02/4334,30/7605,239/0165,217/0231,176/9894,43/2204,193/0239,264/8226,248/1909,181/2821,144/0554,280/7870,07/1362,64/6515,21/3649,24/4105-6,231/4973,213/1706,186/2271,83/5213,208/6829,07/9766,71/2978-2,217/6867,10/1483,202/1503,221/5407,33/10759,230/2187,202/1523,172/8176,44/4773,270/3697,258/4103,27/7017-7,255/3062,05/6418-1,209/0594,149/7966,170/4838,15/3403,172/8655,264/8671,h/AboulEllaHassanien,76/5770,117/4596,115/5038,30/5446,255/8940,259/8374,42/168,25/5712-6,33/2661,163/4506,209/7569,169/1793,261/2718,32/4846,120/3005,146/0413,194/9196,10/7097,238/2592,126/6191,149/6910,126/6221,202/2259,201/6631,50/2205,238/9970,221/5114,115/7179,159/2187,65/2751-2,173/0889,15/4208-3,217/4373,283/6382,285/8793,41/5788,186/9448,15/3104-3,278/1700,116/9130,27/191"
Adriell Gomes Marques,264/8671,"232/9327-1,91/2760,78/744-4,264/8226,264/8692,47/8013,259/8374,249/8014,273/7566,84/4762"
Paulo Antonio Leal Rego,67/10788,"50/7714,07/9766,213/1706,68/10788,201/4222,204/3160,91/2760,158/4648,238/4664,266/0237,213/1744,273/7566,193/6861,225/1981,248/1909,126/6814,151/5214,31/6913,275/7907,47/8013,02/4334,s/BiplabSikdar,93/10788,04/162"
Roberto F. Ivo,260/2210,"47/8013,260/2308,213/1706,78/744-4,278/5768,83/6158,18/8544,33/8436,75/2327,91/2760,266/0237,201/6726"
Douglas de A. Rodrigues,260/2308,"78/744-4,75/2327,91/2760,278/5768,266/0237,33/8436,47/8013,213/1706,201/6726,83/6158,18/8544,260/2210"
Raul Victor Medeiros da Nóbrega,208/6829,"208/6747,150/1679,229/8285,270/2854,159/2187,47/8013,213/1744,91/2760,211/5031,213/1706,07/9766,33/8436,204/2558,43/3761,149/9190,143/0298"
João V. Souza das Chagas,278/5768,"260/2210,266/0237,260/2308,201/6726,91/2760"
Guilherme De A. Barreto,72/3054,"74/10828,r/HRitter,68/6248,163/4234,77/4808,64/3055,73/2366,27/2669,150/2808,70/1032,29/7716,47/4042,c/AndreLVCoelho,08/2216,129/8198,203/9219,33/291,65/5236,06/6985,98/7445,12/2493,228/1643,66/11104,96/1546,a/AFRAraujo,166/4652,23/9794,33/6533,76/5770,84/8060,295/7636,271/6706,91/2760,47/8013,50/4450,131/3352,65/2535,286/8294,258/1123"
Vinay Chamola,158/4648,"246/7006,75/10045,212/5831,281/1736,292/2539,255/5263,65/7464,244/9060,04/8395,127/1351,264/5889,257/7231,244/4374,244/4351,287/6949,244/4345,15/1123,13/4425,169/3355,32/4821,295/2702,17/1557,152/3729,209/6194,25/3419,s/BiplabSikdar,88/11278,21/7513,295/3517,76/440,282/3405,153/4374,96/25,248/1909,02/4334,277/9854,07/9766,73/6476,150/0864,144/7266,292/3295,245/1327,287/7221,260/1203,277/9546,08/45,29/512,157/3056,32/10092,295/3525,295/3548,16/6654,50/2675,253/3009,50/7714,47/8013,46/7054,132/7952,87/2250,33/6649,206/5367,266/8494,266/7359,261/4273,117/4904,280/7273,a/NirwanAnsari,91/2760,c/KimKwangRaymondChoo,199/6835,268/4719,235/5512,b/RajkumarBuyya,268/3741,67/10788,260/3146,173/5360,132/9397"
Gabriel Bandeira Holanda,204/3160,"275/7907,67/10788,191/7614,211/5031,201/6702,273/7566,259/8374,204/3241,193/6861,225/1981,47/8013,91/2760,78/744-4"
Wanqing Wu,75/2327,"w/XiaoFanWang,220/2208,161/7186,28/582,169/8890,278/5536,165/7729,32/6735,248/1802,169/8927,194/5637,130/8299,59/873,150/1679,10/7647-1,44/4000,182/3970,48/9705,188/8899,49/594,201/6663,86/8617,30/5446,73/8780,146/0413,36/4456,148/2113,206/4408,36/11315,64/376,260/2210,20/2039,183/9803,186/4237,94/5167-2,78/744-4,181/2821,72/6811,194/9196,214/5936,94/3962,181/2847,85/4269,259/9376,255/8940,144/9614,70/4538,76/1820-23,47/5696-2,123/9368,60/2163,85/3161,83/5728,47/8013,259/9531,41/9757,208/4796,25/5712-6,239/2732,68/2794,b/SungWookBaik,116/9130,183/5412,08/57,143/0298,25/1234,10/5630-45,00/155,68/1244,235/0654,71/1107,78/6888,23/110-1,173/3758,208/7460,91/2760,49/595-1,231/4882,49/6857,40/1068,291/7006,115/5533,85/10238,212/1321,203/5803,62/4318,211/6562,94/8093,254/7751,31/9704,70/7632,260/2308,74/2507,144/9411,78/5323,213/1706,159/2187"
Suane Pires P. da Silva,204/2558,"208/6829,235/8744,149/9190,33/8436,208/6747,270/2854,159/2187,47/8013,78/744-4,193/7128,256/0210,89/8657,150/1679,91/2760"
Solon Alves Peixoto,213/1706,"47/8013,78/744-4,205/0478,208/6829,10/1483,266/0237,67/10788,213/1744,75/2327,260/2308,91/2760,228/1760,238/4664,201/6631,47/8106,276/7422,150/1679,260/2210,167/6934,225/1981,33/8436,201/6726,292/7272"
Matheus T. Guimarães,266/0237,"47/8106,91/2760,47/8013,292/7272,213/1706,278/5768,260/2308,67/10788,201/6726,10/1483,213/1744,238/4664,276/7422,260/2210,225/1981"
Edmilson Q. Santos Filho,258/1123,"228/1643,91/2760,72/3054,47/8013"
João Paulo Madeiro,167/6934,"47/8013,121/2504,228/1760,91/2760,167/6858,15/10396,64/1281,205/0478,71/2978-2,70/3961,167/6942,213/1706,50/2205,128/4684,01/10396"
Francisco H. S. Silva,273/7566,"91/2760,67/10788,225/1981,259/8374,78/744-4,191/7614,264/8692,84/4762,275/7907,204/3160,211/5031,264/8671,264/8226,193/6861,47/8013"
Leandro Bezerra Marinho,205/0478,"267/6534,166/7880,217/4373,228/1760,47/8013,91/2760,201/6726,b/FranciscoVilarBrasileiro,128/7787,193/6861,242/7382,201/6702,213/1706,98/7536,t/JoaoManuelRSTavares,267/6532,25/4955,10/480,f/ChristofFetzer,s/ASdaSilva,267/6566,167/6934,05/918,m/WagnerMeiraJr,193/7128,94/10810,267/6525,85/10091,131/3352"
Jefferson S. Almeida,193/7128,"211/5031,25/3419,91/2760,07/9766,204/2558,89/8657,47/8013,149/9190,193/6861,78/744-4,24/4105-6,15/3403,89/4656,205/0478,131/3352,201/6726,256/0210"
Qinhua Hu,191/7614,"259/8374,204/3160,211/5031,259/8573,78/744-4,91/2760,60/9611"
Virgínia Xavier Nunes,264/8226,"249/8014,232/9327-1,84/4762,264/8692,264/8671,91/2760,273/7566,47/8013,78/744-4,259/8374"
Róger M. Sarmento,201/6702,"204/3241,205/0478,t/JoaoManuelRSTavares,91/2760,204/3160,47/8013,201/6726,238/4664"
Francisco Fábio Ximenes Vasconcelos,238/4664,"91/2760,266/0237,213/1744,225/1981,201/6702,47/8013,213/1706,67/10788"
Rodrigo Olivares,145/5569,"96/9925,278/1700,78/4125,256/6950,130/8318,30/5446,229/6471,03/3948,240/4648,179/3602,98/7758,94/1127,33/2661,222/4554,99/4622,99/3775,47/8013,02/5664,59/3482,86/1013,145/5740,165/4984,165/5121,295/2983,209/0594,246/6518,91/2760,277/5035,137/1852,45/11402,179/3578,48/6725,07/1362,41/5788,278/2157,02/3606-1,246/0462,225/8685,222/9075,03/10296,115/5038,182/9947,277/4982,224/5795,162/9512"
Elizângela de S. Rebouças,201/6726,"276/7422,213/1706,205/0478,213/1744,278/5768,91/2760,211/5031,176/9912,t/JoaoManuelRSTavares,209/7569,47/8106,10/1483,266/0237,260/2308,163/4506,47/8013,193/6861,96/3441,201/6702,292/7272,260/2210,202/1503,193/7128"
Shara Shami Araújo Alves,211/5031,"191/7614,208/6829,163/4376,204/3160,273/7566,78/744-4,193/6861,163/4506,193/7128,208/6747,43/3761,150/1679,47/8013,259/8374,91/2760,201/6726,23/9794"
Aldísio Gonçalves Medeiros,213/1744,"201/6726,67/10788,208/6829,213/1706,238/4664,225/1981,47/8013,33/8436,47/8106,10/1483,292/7272,266/0237,276/7422,91/2760,150/1679"
Paulo Honório Filho,256/0210,"204/2558,89/8657,47/8013,91/2760,78/744-4,193/7128"
Antonio Wendell De Oliveira Rodrigues,89/8657,"156/8010,d/JeanLucDekeyser,47/8013,156/7852,23/3681,52/8657,193/7128,256/0210,96/3717,m/JosedeAguiarMoraesFilho,78/744-4,204/2558,91/2760,156/7935"
Marcus A. G. Santos,246/6518,"30/5446,145/5569,91/2760,94/1127,47/8013"
Suresh Chandra Satapathy,83/6158,"122/3167,56/4620,142/2551,272/8495,255/9607,216/2428,254/2370,30/1996,06/7765,126/4877,260/2210,04/2380,93/8149,88/7800,282/8438,g/JuanManuelGorriz,219/8907,200/0335,93/6456,21/1587,39/6234,231/6737,122/2116,213/2671,145/7702,214/0336,17/1140,a/AAbraham,122/3000,293/3218,267/7124,183/4343,285/9535,221/6324,162/9395,66/10124,52/8632,269/7751,196/7498,282/6764,295/3888,213/0004,14/6178,75/10604,157/7957,126/7248,16/9449,267/9644,126/2201,180/3037,84/5996,119/2150,263/1293,278/1954,117/9895,97/193,76/3363,260/2308,18/3885,213/2651,213/2770,153/3203,190/7964,131/7682,256/7466,117/9227,16/9323,18/8544,147/4875,06/10579,276/9895,255/9557,130/2800,126/2214,117/9871,18/4819,250/2133,255/9815,246/1652,122/1800,210/7286,71/2100,158/5821,09/10124,271/5701,272/8599,130/1161,85/4696,204/5921,161/8082,220/0742,50/7477,t/JoaoManuelRSTavares,33/8436,122/2870,72/6246,198/7685,253/0643,171/2621,82/9449,47/3081,39/2699-1,148/2749,204/5920,01/3997,268/9499,43/5090,269/6748,223/3328,31/463,07/693,138/6122,67/6486,127/1193,139/1848,248/9708,126/1090,88/10123,03/4490,37/10780,97/9748,86/1726,274/2692,13/7525,190/8943,91/2760,190/7981,173/0841"
Shuihua Wang,18/8544,"39/2699,56/2480,278/5901,31/11208,52/4150,147/7775,154/7006,83/2850,209/6787,b/SungWookBaik,288/9759,17/4297,82/6187-3,12/4377,36/6962,59/9047,132/8904,39/449,257/8309,150/8707,34/6751,58/6443,157/0188,65/2850,21/6061,21/6660,69/10047,33/3262,37/11359,86/4843,174/2233,150/4121,236/7184,260/2308,218/1863,74/7037,56/11155,42/8082,83/6700,76/834-1,22/6701,83/6353-2,160/7863,162/1952,82/0,159/2187,173/0960,173/8544,65/3277,g/JuanManuelGorriz,94/7894,66/5923-1,43/3166-51,91/2989,73/8780,98/2604-11,190/9628,219/4257,21/4189,40/8785,36/2382,154/2834,174/9642,44/8845,193/6715,84/5216,83/6158,118/3940,15/5923,169/6304,181/2621,39/2699-1,274/8463,27/5363,168/9152,19/1551-1,223/9771,253/0643,69/5011,227/6563,76/5789-2,60/4671-1,185/5051,02/7627,58/6910,187/4311,209/2223,06/8501,s/HTShen,209/7341,86/7113,54/10365,57/3099,246/1738,91/3045-2,176/8923,03/2134,171/0320,228/6451,223/3533,139/1625,285/2135,03/9444,09/1560,202/9320,191/8091,76/1584,69/9300,65/830,61/9409,275/4173,80/2999-2,34/4149,27/7017,64/2633,172/2770,30/6838,64/6338,260/2210,252/8450,174/1823,09/5312,205/7840,08/6318-1,70/6155,91/2760,145/9806,74/27,175/0607,36/31,19/2453,150/9258,63/8495,31/1885,186/8407,52/328-15,08/7188,71/10181,97/323,154/3805,228/8953,90/10046,70/9321,06/5852,87/5549,33/8436,47/10080,26/10181,49/982,187/4180,95/4442,275/3928,75/1365-1,85/5637,175/9405,60/8541,275/4059,217/4690,06/721,21/3047,207/4659,65/3144,37/4190-63,91/3045,150/1679,07/3137,69/2675,02/5139,282/8438,223/3451,209/7218,35/837-43,64/3254,206/9797,236/6957,214/4211,130/5004,40/237,43/6017,243/4033,122/1889,98/9578,223/3388,26/2193,181/2621-6,54/8250,214/0336,69/9890,16/3283,73/6801,160/7938,121/1326,76/5789,24/7032,93/5681-1,64/4460,40/4105,275/8474,266/8913,77/572,79/1006,258/7286,62/4436,187/4250,124/2017,70/7730,266/9322,144/0825-1,28/7846-1,49/6485,29/5027,271/2649,04/2380,125/5168,49/6574,161/8519,44/8041,122/1554,65/2709-6"
Arunkumar N.,201/6631,"254/7881,167/1564,212/7615,227/1200,50/5535,254/7797,213/1706,270/2840,227/1099,207/1271,223/9723,230/6542,01/4732,201/2336,91/2760,251/3612,17/2222,210/7286,242/2233,230/2187,246/9212,230/4773,t/JoaoManuelRSTavares,05/9164,270/2920,217/0209,70/5850,232/6143,46/8471,201/2349,191/7713,218/9611,232/5024,134/4032,87/3082,94/5167-2,176/5087,231/4209,18/689,171/7849,150/2053,258/4119,179/2665,227/7427,231/2217,78/5984-6,83/985,60/6462,211/0744,205/2669,270/2896,25/1986,201/6674,193/0239,227/7369,236/9177,169/8471,231/2249,194/9200,177/6978,201/6617,242/5330,201/2317,258/4103,219/8779,15/8278,231/4571,242/2293,171/9839,64/1786,173/0888,92/2635,45/1368,230/5025,25/3419,201/0849,147/2090,248/1909,05/950,219/3207,270/3210,42/5533,236/9302,69/7785,270/3046,30/3304,248/1793,195/3333,159/2187,228/1505,21/9337,254/7902,86/11029,30/5446,01/11269,213/6701,119/9663,115/6697,115/5819,173/3758,216/2428,67/10841,219/8818,91/9485,230/6656,77/11305,270/3346,82/8452,238/6549,74/9569,201/2295,47/8013,65/2751-2,229/8113,27/191,217/0198,228/8609,235/1994,188/8080,232/6048,209/1304,164/8807,161/0298,177/6595,147/2139,230/5106,228/8583,225/8078,220/2208,198/7685,57/9926,38/2888,64/5323,242/2021,150/1777,225/8125,119/5674,67/1771,205/2932,70/8431,173/0884,232/6171,254/7698,254/7861,218/9574,231/1998,240/9981,66/6637,195/7539,230/6534,241/0088,177/1945,134/8338,228/8872"
Roberto Muñoz 0001,30/5446,"115/5038,86/1013,145/5569,91/2760,94/1127,270/3346,19/5780,225/1981,201/6631,270/3697,132/8751,115/5819,255/3062,58/10701,260/2351,248/1802,03/3538,248/2037,209/0594,246/6518,270/3210,245/3803,144/4946,270/6894,256/6950,137/1852,121/4424,287/3173,59/1459,222/4554,279/7532,84/3860,222/8233,267/6656,177/7138,241/2630,25/3419,116/9130,224/5795,38/4610,287/3583,98/7758,243/4110,139/3203,99/4622,211/9729,208/7460,231/2120,94/8093,222/9075,194/3393,248/2748,84/4762,50/8769,87/1440,07/1362,20/5153,246/0462,222/4553,230/2187,183/9803,75/2327,41/4756,165/1543,248/2559,278/2157,242/5330,45/11402,96/3441,177/3375,96/9925,33/2661,94/3962,225/8685,78/4125,62/6831,231/0843,47/8013,170/1931,278/1700,41/5788"
Samuel Luz Gomes,209/7569,"96/3441,t/JoaoManuelRSTavares,217/4373,76/5770,201/6726,176/9912,91/2760,88/7651,47/8013"
Murillo Barata Rodrigues,208/6747,"208/6829,91/2760,47/8013,211/5031,43/3761,150/1679,204/2558,270/2854"
Cláudio M. S. Medeiros,76/5770,"s/EliasTeodoroSilvaJr,209/7569,47/8013,228/1760,193/9962,91/2760,217/4373,88/7651,228/1575,72/3054"
Lucas Silva de Sousa,200/9735,"163/4506,190/2685,129/8198,91/2760,87/4441,23/9794"
Mateus Valentim Gurgel,242/7382,"205/0478,217/4373,193/6861,91/2760,47/8013"
Antônio Carlos da Silva Barros,149/9190,"193/7128,270/2854,208/7460,91/2760,25/3419,47/8013,208/6829,150/1679,25/9173,96/3441,t/JoaoManuelRSTavares,71/2978-2,204/2558"
Navar de Medeiros Mendonça e Nascimento,217/4373,"91/2760,209/7569,76/5770,47/8013,193/6861,242/7382,88/7651,205/0478"
Mohammad Mehedi Hassan,84/4762,"119/9160,285/2175,43/4631,149/3882,64/1881,49/2447,162/2082,45/3684,74/3091,275/8301,156/1369,61/6196,73/1778,292/9728,140/8413,00/3361,63/1919,228/9044,216/8763,59/1028-8,w/JieWu1,49/4679,258/1544,06/2293,186/6176,129/7088,164/7633,94/11145,41/7072,73/4468-1,f/GiancarloFortino,118/3903,74/5825,83/7380,157/6614,121/2915,228/4401,240/3021,173/6785,66/3908,05/6017,286/9802,181/2004,06/2570,66/3019-15,07/6370,19/7433,74/1137,27/4364-3,252/2032,52/328-1,193/1553,216/4505,287/3173,169/2643,12/1312,35/2293,38/5398,04/8395,22/10263,04/9590,28/8612,134/3213,08/6391,151/8638-1,173/8128-1,94/207,35/2944,176/2058,183/5530,264/8226,66/11233,c/KimKwangRaymondChoo,226/9993,163/7333,183/2637,70/2079,64/2633,48/1097-2,44/300,264/8692,g/AMGoscinski,190/4232,25/3520,183/5494,216/4736,198/4668,88/2562,49/8576,06/1887,63/4747,l/JaimeLloret,05/1693,154/8921,281/2236,86/9671,163/2700,159/2187,12/989,39/8378,186/8821,183/5614,05/6418-1,56/7481,165/2890,132/2068,116/6742,39/5423-3,63/4382,85/276-1,198/3180,130/4705,240/3815,51/4462-2,184/6638,55/7033,183/5397,131/7378,239/2822,63/133,87/6303,41/9078,246/3466,46/10289,91/2760,81/1909,170/9414,31/1394,96/4283,78/7581,220/0869,277/4816,56/8320,295/4863,94/1127,30/7497,19/6769,223/7795,20/5270,186/8874,248/6760,61/1290,71/6190,164/7378,91/3045-2,03/6801,253/5129,227/1023,45/10585,84/4566,49/10778,22/824,01/1382,60/2777-1,141/8285,20/179,l/KuanChingLi,36/3158,47/8013,170/4220,92/4882,116/1011,138/7001,218/4846,04/3710,44/2784,294/4496,18/9031,169/2212,57/5091,c/XiaofengChen1,81/3285-1,y/SiuMingYiu,57/7356,03/1312,184/6532,67/1359,50/671,86/2595,75/7997,68/1120,01/211,q/MeikangQiu,254/7782,66/5574,83/8634,75/2122,35/4791,21/1773-2,92/2939,73/1446,22/6778,116/9130,237/3496,17/5533,154/8401,132/6802,82/4944,43/909,75/8969,173/4864,47/1713,184/6534,58/1874,261/8334,162/4673,34/9386,37/6757,286/9665,119/1530,70/2368,131/1105,192/6021,70/188,222/8488,233/4095,229/7299,43/4631-3,129/2765,60/1264,184/6559,286/8316,24/4653,295/4500,25/1710,214/2153,129/2800,41/10204,k/JoarderKamruzzaman,y/JunYang14,218/9359,173/4888,98/10438,88/10038,264/8671,00/10963,23/2231,194/2298,02/5654,258/8289,141/2056,18/542,246/6348,215/9144,203/8497,47/5076,54/7358,150/1679,23/4835,273/7566,138/6999,81/4345,138/1608,46/5770,25/2352,154/8658,c/HanChiehChao,85/5580,60/11415,259/8374,52/6928,187/4653,17/11187,20/10116,201/9012,74/6497,295/4396,153/7759,d/AKDas,167/5218,216/8508,07/1130,82/5041,222/8508,234/5263,34/1910,235/8006,180/1422,225/1981,03/3524-2,88/7649,23/1882,134/7538,27/568,49/10239,227/1255,85/744,37/7220,62/4606,191/5887,136/3844,82/6136,50/6996-3,261/8518,48/1165-2,227/1197,93/2334-8,221/4702,174/1472,39/9,256/8647,210/8423,03/103,235/7295,130/4074,28/2505-1,133/3350,228/4567,277/4671,33/1366-2,172/6461,79/10810,287/3583,150/8548,134/7622,145/4267,79/3669,25/3246-1,158/9101,19/7690,116/1011-36,26/9153,50/2192-1,181/9622,30/5446,265/5499,258/8186,74/2406,29/594,157/6719,168/9863,184/6610,06/6599-1,254/8146,260/1421,53/7072,216/4632,z/JunZhang10,39/3529,72/6419,y/MouradYkhlef,239/2327,90/4225-1,03/6420,129/7129,132/5537,231/2158,41/3095,160/8362,56/7815"
Arun Kumar Sangaiah,150/1679,"48/8436,09/430,55/10543,91/2760,09/1144,23/1336,65/662,f/GiancarloFortino,30/5446,94/1127,l/JoseAntonioLozano,22/9216,92/2894,225/6942,160/2676,33/1767,25/5712-6,163/4389,169/5129,249/2902,33/5249,63/7269,71/1502,46/5250,32/4846,p/VasilePalade,82/2389,226/6954,64/1881,225/9386,12/8112,03/4684,09/2632,15/1869,76/7267,190/2707,23/5198,k/NikolaKKasabov,81/10773,64/7269,120/7797,59/5122,b/JesusBoticario,23/8853,205/7268,14/6178-1,96/3441,250/8410,34/9720,21/6236,58/10701,145/5569,198/3007,01/5099,36/2455,04/8395,03/9444,227/1980,10/9960,37/6128,09/3625,95/10450,265/6427,97/3522,29/4391,32/6735,289/6510,89/3611,265/6555,124/2043,27/5489,245/7408,73/8046,259/1823,28/6297,183/5494,169/3484,41/8853,126/6206,66/613,18/4221,45/445R,47/8013,136/1648,45/3684,150/4916,05/9876,196/6865,133/0292-1,202/8248,201/1932,131/9852,82/3443,81/7811,21/6529,119/7211,14/3916,47/10138,62/9280,66/6334,25/1234,55/123,s/PNSuganthan,139/7385,144/0554,69/6085,225/9205,09/6118,91/2882,06/4036-6,207/1332,249/7991,96/7400,194/4318,02/6560,246/6518,r/LiorRokach,201/1990,82/11135,03/6772,93/4984,172/3172,185/3452,244/4989,214/5936,04/9657,155/3176,21/8853,43/8647,137/4560,30/1899,53/7304,67/5334,12/1192,12/6612,58/309,27/1769,26/9822,116/2659,06/4122,79/4216,150/4886,95/1931,13/5289,249/8075,27/5514,06/8981,67/3777,25/1921,75/8140,251/5459,15/5216,79/5040,12/1085-2,233/9375,251/9005,119/7127,178/1226,04/0,b/SungWookBaik,178/0121,66/8235,97/881,118/6618,21/3649,132/4091,08/7188,84/4762,14/8769,12/3829,242/5753,48/1070,p/AritzPerezMartinez,263/9196,53/2972,54/8786,159/2187,28/582,172/7722,120/0810,49/6622,43/7183,58/8569,26/6779,34/4610,05/6017,248/9993,129/9497,28/860,265/6498,82/11074,182/6264,19/360-37,200/0320,99/9766,22/1311,80/2722,13/7074,00/3298,226/6959"
,,"28/582,55/8607,260/1059,44/2806,211/6446,74/1552,166/1054,217/9972,257/4536,83/7041,211/3677,182/6175,70/6155,47/3883,82/1364,280/4999,197/6597,74/3247-1,72/371,75/6083,231/9206,218/2869,243/6846,59/8077,224/4801,92/6923,77/84,217/5542,l/YiBingLin,164/0611,191/5755,271/0083,20/3894-1,21/3839,03/5274-2,237/4473,14/8514,74/6501,262/9137,01/7453,92/1375-1,80/2337,m/FMartinelli,57/3906,31/1108,135/5425,15/9596,157/1898,42/2572-3,75/4947,74/5810,288/9715,53/9359,41/1121,22/6904-3,159/3677,167/2031,235/3065,89/6036,98/670,262/8402,165/8955,20/134-2,195/3724,34/3258-1,03/5274,44/3993,210/8446,216/9009,172/8818,93/6765,54/2907,246/0147,43/3761,212/1636,73/6174,64/7933,257/7324,76/5789-2,120/3255,216/9668,119/5639,19/5207,92/2954,35/1534,39/721-51,227/1355,164/2480,193/0239,257/9498,73/8780,32/6735,51/8017,21/2715-31,255/3079,286/8316,257/7628,201/2194,48/5579-1,219/9513,41/479,66/5574,17/2212-5,17/6729,133/1954,64/6328,228/1160,33/11086,10/1849-1,41/9757,18/4625-3,12/4114,h/AboulEllaHassanien,33/8436,32/8638,209/6030,133/4711,48/4407,47/8013,06/10193,75/3158-10,40/1945,241/0228,34/3173,86/9628,149/0329,214/3899,207/1892,236/1517,148/8514,23/2274,181/8120,84/2898,208/6747,187/6055,09/5197,05/5654,07/4580,178/5598,139/5181,88/5343-1,25/4653-2,30/2310,71/4189,194/0141,224/0761,40/327,77/1470,163/8921,209/2041,239/8725,71/3321,11/8472,95/6985-2,193/1697,62/3402,149/9190,63/7178,246/3336,226/4148,61/2115-5,171/2566,161/7186,46/7466,270/2854,219/4082,02/736-30,120/3491,208/6829,21/6280,59/10717,201/0109,13/10178,60/2798,65/2751-2,195/5342,227/1122,56/1670-8,176/5848,52/6208,58/7077,189/9910,42/8982,118/7237,49/1832,20/3839,01/5394,51/933,26/5983-1,188/1443,z/WeizheZhang,01/2537-9,11/383,211/5031,78/2996-11,32/11473,63/6031-2,20/1980,202/9077,44/7725,115/5533,150/0864,w/HaoWang-3,85/4269,36/4412,164/2781,120/7137,225/2071,240/3351,230/9997,214/6040,134/3158,40/152,78/7662,26/1439,22/849-5,31/10122,288/9723,171/6661,157/4619,c/KimKwangRaymondChoo,203/3466,12/5838-37,202/6966,19/4923,10/9966,21/10857,161/1863,206/2117,222/1442,115/6458-3,49/7761,05/3075,183/7696,18/5379-1,71/7436,91/2760,25/5713,12/5804,33/5228,65/2239,154/0895,42/8539,70/9393,44/4000,14/3727,79/540,188/7161,215/6008,132/2540,218/2089,185/9576,188/8899,11/4030,154/3805,126/6037,235/5446,199/2349,28/3062,239/5361,39/2699-1,15/5702,93/5608,25/7704,26/5935,96/3727,52/5086-2,189/2612,171/6596,176/6571,02/5889-94,10/1531,170/8509,48/1165-2,49/10239,28/7999,94/4385,161/1524,57/5520,199/7401,216/4736,45/10235,13/3352-2,83/6642,249/2759,78/2022,146/1573,204/5968,12/11300,58/11275,07/4142,73/4067,10/7097,246/0307,116/4606,96/13,48/3321,76/1584,253/6549,12/6604-1,29/7459,64/2633,249/2839,255/0563,170/4220,215/5843,14/5444,143/0298,53/2452,73/1323,87/1066,l/JaimeLloret,21/1037,49/7816,122/1889,68/2794,90/7407,243/0290,09/9551,17/6192,14/1206,17/4866,86/2961,09/5311,175/6045,83/7092,213/1744,162/5427,61/1380,164/3328,01/7592-2,124/8581,199/2272,21/4433,159/2187,15/1869,02/736,96/4282,07/5565,204/7890,219/4023,33/7938,125/6076,84/4529,224/2862,83/7087,15/3770,35/862,35/7092-138,226/4202,212/2839,94/60,35/7092-229,142/9212-1,b/SungWookBaik,47/6153,32/2358,239/0025,127/4863,287/8682,27/10780,13/5236,15/7525,78/10960,156/5808,148/0589,84/4566,196/6889,238/3836,152/5057,237/5632,149/3890,205/7268,25/7219,17/7505,79/652,210/7490,173/3758,69/821,19/6769,118/5022,68/340,46/295,82/2855,203/6818,210/6838,214/5919,199/9986,54/5989,196/7988,23/2231,193/1610,160/8362,36/6955,198/7332,257/9654,29/1030,57/10428,197/6541,269/3431,234/8146,88/2456,169/7938,52/5086-3,74/1552-1,49/3283-61,130/3721,75/2327,93/3389-1,212/1489,87/762,03/3524-2,217/0854,195/9248,264/5018,115/5618,08/3821,231/1223,185/6510,210/3625,146/0971,02/8768,s/QuanZSheng,240/9691,236/1642,87/11301,05/3054,24/9581,95/5846-1,57/6739,181/2853,78/10122,193/9454,202/5544,166/1798,36/8492,03/8493,66/2082,186/7516-3,60/2536,213/1706,86/6915-2,189/2539,161/3022,76/4100,150/2072,25/531,94/2530,88/7649,219/8660,72/5369,34/1447,167/3089,32/5495-8,184/6537,71/9969,n/NadiaNedjah,94/3019,54/10032,q/MeikangQiu,44/3320,246/3427,222/0479,08/10461,02/4027,146/8550,164/4602,121/0247,52/5086,61/4559,217/3345,39/7209,240/3503,89/5852,28/2073,23/8334,07/6378-3,158/5207,226/9993,65/3367,209/5305,93/6680,215/9207,54/5625,89/9553,95/1597,21/9114,46/241,186/4237,16/9939,241/0525,12/3933,04/3263,34/7561,280/1159,124/2778,117/9033,214/2906,07/2616-6,98/5166,132/4655,73/4566-12,82/7699,25/4516,54/1022,49/3283,230/1980,123/7129,246/3536,25/3246-1,217/3332,78/744-4,a/MAtiquzzaman,261/2471,75/7832,51/10068,02/563-7,66/6868,x/NaixueXiong,165/1264,240/9659,03/103,165/1028,35/1979,150/1679,74/1079,155/8045,257/7590,217/3655,205/4872,167/6766,173/3744,40/4731,151/5146,221/4702,288/9843,181/2634,173/0062,42/8867,257/7846,88/9542,184/0225,216/6944,77/10772,185/6822,63/5125,239/0154,55/2270-66,65/2417,22/5535,210/9157,69/3907,151/2774,02/4647-1,11/5968,p/JongHyukPark,245/7586,204/8706,08/2489-1,68/4942-19,209/1963,25/3419,156/1369,25/4656,18/2025,186/3610,218/4588,16/5205-2,217/3343,182/7471,46/7830,80/4406,54/3420,150/2053,198/7639,17/845,66/6320-3,238/2541,217/8606,43/8348,88/10035,228/1191,51/8024,46/2974,95/578-1,53/7115,04/2118,97/3523,183/1708,12/989,130/4074,65/4423-6,08/267-1,148/2113,224/4968,167/0653,09/1560,125/1593,246/8388,205/7990,199/7354,240/9988,52/3003,249/2872,g/AhmedGhoneim,184/6126,57/1667-1,97/3222,05/1958-5,42/2572,185/0748,170/8503,13/531,209/8511,263/7150,210/5274,242/1126,51/8909,206/4248,34/808-17,18/1022,82/8574,75/8078,242/1114,19/696,55/1832,179/0907,93/521,75/6627,68/1244,60/11145,146/0413,42/499,248/5218,249/2846,39/2085-1,41/229-1,170/0735,210/9246,18/8544,222/8227,36/2597,184/6532,198/7649,10/1708-2,79/7409,49/594,173/0841,84/4762,57/3892,138/4227,93/96,132/6839,188/6611,53/260,65/10043,240/9917,197/7243,38/9791,89/6764-6,04/2964,204/2558,50/2192-1,241/0955,48/3258,130/9814,127/2891,80/449,88/6500,29/3925"
D. Jude Hemanth,33/8436,"28/2665,82/10114,263/1293,39/5121,272/8495,220/0819,02/5889-94,238/6638,39/2760,29/6850,237/8111,235/8744,231/8666,h/AboulEllaHassanien,150/2053,173/0889,285/1810,30/8436,262/6743,238/4712,01/11305,216/2428,145/7702,200/5535,18/7686,238/6510,83/5255,236/9304,204/2558,43/5090,78/11283,20/9406,235/9620,208/6829,294/0304,81/7954,47/8013,260/2308,55/10268,283/1683,230/1980,248/2973,173/0880,260/2210,00/6163,15/6217-3,238/6472,213/1706,254/4252,75/1081,254/5031,254/0017,272/8599,12/6850,146/8609,250/2133,272/6999,152/2902,06/5687,218/6700,220/0742,202/6383,294/0613,240/3216,200/9193,t/JoaoManuelRSTavares,151/0345,258/6330,238/6506,18/8544,263/9974,15/9596,68/1284,214/0336,65/2751-2,279/0204,160/8186,85/4696,225/0062,147/3934,150/1679,213/1744,53/361,279/0321,68/212,163/2687,144/5341,79/7409,91/2760,173/2397,244/1807,154/2042,173/0841,219/8907,126/2214,294/0316,59/4654,50/4598,191/1057,56/1348,213/5898,35/8073,205/5719,83/985,154/2283,283/2473,168/5168,12/10584,162/4509,83/6158,268/5004"
Victor N. Praxedes,235/8744,"91/2760,204/2558,33/8436,47/8013"
Geraldo Luis Bezerra Ramalho,25/9173,"125/3495,276/4751,248/7173,254/4751,189/9826,79/5182,47/8106,208/7460,78/9171,244/7900,47/8013,198/6197,65/9172,254/4754,254/4742,236/7915,56/8906,91/2760,149/9190,96/3441,21/4512,33/8632,t/JoaoManuelRSTavares,67/8105,173/2104,18/6495"
Ajalmar R. da Rocha Neto,23/9794,"129/8198,156/3796,150/4960,163/4234,150/2808,163/4506,200/9735,163/4293,242/1962,190/2685,222/7397,72/3054,211/5031,71/2978-2,64/1281,163/4376,229/6460,91/2760,87/4441,31/6913,149/6910,27/191,166/0687,65/5236"
Fatma Outay,88/7651,"217/4373,170/5867,37/9065,148/2544,16/9930,275/6171,91/2760,206/1664,288/8010,209/7569,76/5770,253/5678,89/6731,172/7520,82/2493,52/6543,75/9285,119/5873,36/5115,04/8223-3,07/5352-1,192/4775,230/1644,239/9025,47/8013,63/6022,04/10769,17/848"
Francisco Nivando Bezerra,87/4441,"23/9794,189/9826,b/GillesBertrand,173/2104,125/3495,91/2760,173/2120,221/5584,152/7440,47/8106,79/5182,36/5328,163/4506,135/8565,200/9735,48/4609"
João Manuel R. S. Tavares,t/JoaoManuelRSTavares,"30/5688-2,50/2104,06/10701,209/7569,292/5299,264/8891,207/5575,126/2214,181/0272,65/4798,61/3329,78/9590,292/5215,272/1647,183/4343,132/1660,254/2370,72/182,38/9817,41/737,292/5186,18/5916,83/5213,34/9173,p/JoseCPrincipe,152/7440,65/5236,143/7411,116/3548,87/3082,115/5819,176/9888,176/9894,230/1980,162/9395,157/8389,126/0975,142/3970,33/8436,50/2769,53/3609,91/8730,149/0707,149/9190,61/1521,49/595-1,187/2307,117/9227,150/0704,25/5812,37/3372,24/2496,91/3593,130/1161,03/9817,225/8096,71/2978-2,57/2027,132/1693,292/4733,216/2428,47/8013,199/7401,15/6957,236/1664,50/2205,28/2665,292/5271,67/8105,15/10197,02/9409,234/3956,170/2208,h/AboulEllaHassanien,86/4639,153/3278,29/6824,96/3441,274/9187,186/2271,129/6326,02/5889-94,201/6631,126/6215,181/0376,42/168,213/0004,39/2699-1,91/2760,152/7252,208/7460,201/6726,00/2035,67/9796,126/6191,132/1651,138/2863,185/7925,147/9378,68/7380,69/5836,173/0841,o/CarlosASOliveira,290/0653,289/9916,199/9343,52/8223,10/2834,09/8488,71/10114,249/7824,162/4270,19/7834,181/0741,99/7441,129/3908,15/479,00/1197,75/7627,75/1081,58/7077,225/7981,30/10197,89/5115,126/6221,193/6761,186/3930,83/6158,66/9171,132/8974,205/0478,64/4176,192/3696,211/0744,128/1430,255/9607,56/1348,72/6924,31/10136,164/9712,16/8032,135/8565,96/8013,15/3403,37/1873,130/5868,187/2196,49/10490,131/3073,37/11084,49/595,173/0457,176/9819,293/4958,86/1502,132/1679,176/9912,188/7595,68/6117,25/9173,201/6702,81/11407,f/AlexandreXFalcao,53/1710,272/1180,28/6183"
Joel J. P. C. Rodrigues,25/3419,"40/2901,97/4780,221/5407,230/2898,161/6538,55/8186-5,47/8013,223/6166,06/8812,209/6587,07/6378-3,99/7033-1,77/4309,94/207,173/8544,225/7326,86/1418-1,140/1167,227/4931,89/9553,32/4821,64/6025-64,173/5344,12/7807,159/2187,17/6674,118/2252,146/6423,78/5250-1,188/7003,34/10357,161/6927,255/3062,71/9959,270/7660,f/GiancarloFortino,36/4847,222/4195,65/6268,237/1564,96/3441,52/45,42/2642,184/0463,68/5635,97/3618,186/2496,02/4425,87/6349,03/6403,92/9201,o/MehmetAOrgun,39/2085-1,189/8880,147/0495,20/6179-1,181/9631,294/8416,20/10812,74/7591,00/6823,230/6683,36/8332,185/7230,91/9954,80/3482,74/9386,73/4067,137/3653,240/2177,221/5363,268/8588,117/7838,57/3702,276/9667,32/6803,31/4484-2,46/6747,262/6046,139/3147,04/3348-2,04/8395,226/9439,243/6973,31/1108,41/3877,07/9782,83/7400,91/2760,93/1149,241/0525,19/4923,27/191,18/1022-4,70/2221-6,79/2597,150/2292,123/3334,139/1062,66/6868,52/6933,199/8895,278/8341,220/2208,06/7641,130/4705,07/7257,m/ConstandinosXMavromoustakis,93/2701,117/4904,76/5890,142/9212-1,12/7884,54/4089,217/2021,12/442,58/4758,286/3071,28/7877,214/6116,137/6623,58/5813,183/3493,157/9903,79/1432,194/2280,78/6138-2,32/8375,79/2310,02/4027,70/7449,07/5565,18/5837,95/7989,95/9040,19/9069,252/0747,231/0817,281/2697,03/10243,60/7270,169/1793,202/9691,201/1500,50/5228,202/3628,30/7605,238/7032,55/3256,27/10471,158/4516,25/5712-6,221/6535,86/8332,212/4808,203/9693,132/9409,138/6914,82/2731-1,96/3717,21/2212,81/6255,00/4558,172/3724,71/2764,63/216,205/7268,173/9589,80/9873,92/169,55/7033,156/2133,281/2510,46/7054,63/6961,19/9978,210/2986,01/4503,04/5585,58/8034,67/176,55/2050,166/4182,122/5371,217/2530,25/3528-1,203/0657,95/3987,19/4450,26/11311,258/0821,60/2777-1,243/7171,y/JunYang14,s/QuanZSheng,30/4308-13,127/9069,162/0496,139/4375,129/1293,05/7959,181/2689-1,223/6209,77/4808,88/5343-1,40/8080,235/5512,37/7536,83/7724,67/4852,243/6454,35/8866,154/8400,281/1840,30/10604,31/8933,83/2890,130/3325,50/6996-3,294/8538,179/9541,83/5213,139/7124,54/9607,08/3821,35/4780-1,193/8542,159/6199,160/6327,44/4796,61/5154,225/4497,10/6854,35/2944,148/8625,171/2621,69/10261,282/6333,188/8899,250/1525,278/8150,33/4528-22,83/7511,88/6287,31/8747,134/4032,254/5933,238/3856,183/9803,45/11462,18/4329,148/2398-3,30/5446,a/MAtiquzzaman,60/1395,66/5807,19/1519,59/554,258/8697,88/6376,161/2212,90/10584,50/7625,151/0990,78/5250,217/2237,156/8010,08/9815,84/1733-1,227/4307,68/3369,35/7092-77,33/4917,00/10001,q/MeikangQiu,210/5660,210/2928,192/8969,194/3112,45/8935,182/3601,193/0239,254/5995,156/7935,48/9716,160/9829,252/0028,136/1220,99/6285-1,277/2457,218/9545,45/3906,12/989,w/LeiWang5,132/7952,31/7959,249/8951,02/8276,160/8134,13/5158,13/8698,18/5379-1,254/7864,39/3222,41/2632,237/8247,121/3893,234/0392,19/5063,32/11473,65/6370,127/9117,72/3375-3,54/10039,12/5960,189/8767,116/1011-45,225/6840,117/2673,84/2069,70/2539,07/425,69/2139,98/5782,00/4621,39/10010,290/2085,48/3262,138/0160,157/8717,207/1344-2,257/6768,43/8496,16/6654,198/3643,18/7223,68/7630,141/5667,64/3421-1,30/1756,54/163,49/594,31/5698,232/7275,28/6850,y/SangSooYeo,03/10358,230/4788,143/4489,124/9115,35/9245,53/6091,24/6409,275/2466,95/2674,45/2967,52/9019,23/6185,183/1708,188/7759,78/1177,48/3321,137/0193,70/5417-1,128/7747,139/2996,17/1169-5,75/834,223/6260,l/AndrewFLaine,62/577,194/1438,136/4751,150/2053,252/0821,119/5651,25/3341-1,236/3127,03/697,248/1834,52/4594,32/8323,31/8079,66/5992,73/5667,l/JongHyoukLee,272/0995,48/1165-2,238/9970,238/2664,21/7455,84/928,h/DieterHogrefe,91/6627,275/2111,67/840,283/4091,60/3316,139/4330,88/3562,228/2135,214/6568,30/4028,40/11441,97/9606,73/1891,254/5986,80/9020,39/871,183/5343,24/9047,83/6353,230/4885,13/7717,154/9309,220/9317,214/0466,198/3694,71/8917,82/8452,234/3990,75/2950,128/3320,122/3516,265/0037,93/11067,150/7606,22/1419,w/LeiWang37,36/7384,16/7486,15/1123,117/6959,257/8486,86/3010,29/7910,80/4122,188/0120,95/5358,z/YuZhiwen,210/4802,23/7909,72/7411,243/6431,115/7179,30/1775,36/1469,08/6647,08/2216,50/2205,51/5022-2,50/2675,130/6514,201/2349,83/566,10/2012,61/1080,279/7866,273/3517,252/6471,22/230,194/6963,40/850,217/0347,89/5472,250/1779,161/9399,38/7727,206/5678,129/1124,99/6879,94/5698,52/3565,149/3082,41/5566,239/0165,36/9808,122/2686,c/HanChiehChao,07/10127,65/7713,13/11474,19/6769,203/9327,227/1023,19/6102,188/6758,36/5574-1,128/3111,247/4825,34/8183,49/3071,14/1654,236/5046,282/5399,139/7900,217/0363,22/285,z/AlbertYZomaya,166/3079,222/5544,240/4941,229/5680,223/6206,05/5654-1,34/2264,02/5702,x/NaixueXiong,225/8539,12/3738,254/5966,54/8631,21/5301-2,l/BennyPLLo,35/5757,91/3684,p/JongHyukPark,29/2418,269/2635,68/11339,48/2168-7,33/542,211/9729,07/2685,91/2882,186/7516-2,199/0665,280/0804,136/9472,02/1838,68/8101,46/1906,46/4715,09/8234,240/5032,63/6031-2,219/4664,241/6152,217/4798,99/1415,03/3147,222/4879,04/7624,122/2287,96/2877,202/3785,b/AngeloBrayner,14/3505,52/1095-1,273/3337,04/5266,71/771,26/3019,90/3184,23/7584,189/2767,33/885,160/0715,248/4153,91/11068,98/845,y/LaurenceTianruoYang,88/9143,06/10193,249/8250,135/7498,k/TaiHoonKim,156/7119,207/4598,122/5130,204/3600,97/4028,125/1687,51/4339,20/6874-2,29/594,225/7283,r/AbderrezakRachedi,221/0389,215/7490,31/966-1,09/886,92/7742,119/3476,65/2751-2,88/10173,b/PaoloBellavista,149/9190,217/0231,89/7718,180/2970,29/4638,139/1756,71/7427,202/5507,159/9256,270/7022,257/8586,156/8798,228/6058,243/6948,41/8730,115/6413,66/3608,231/4904,65/7997,59/2227,117/2603,31/9847,168/6683,44/8558,275/8170,17/2960,212/6741,281/2146,78/6765,193/7128,154/0895,03/3524-2,10/7465,74/7537,244/4345,25/5352-2,213/9080,22/5523-4,129/1048,141/4441,216/7317,291/8954,45/10235,248/6821,26/42,181/2846,22/5535,67/3620,66/831,277/0110,272/3771,188/2834,212/0193,43/3362-6,v/SonTVuong,155/3176,170/3132,64/6515,61/9284,225/6811,65/6249,201/2295,257/8554,52/10257,133/2299,234/5392,28/3822,203/2295,137/0070,120/9719,62/2006,04/5985,01/463,51/3221,63/1919,260/1802,87/6482,198/7649,34/6910,49/1832,173/5563,86/8617,05/4996,j/RajJain,146/8257,287/7144,150/1679,215/7498,47/772,69/2290,94/5167-2,84/7292,19/7303,40/4747,04/4463,87/6482-1,123/3814,122/5109,96/361-5,51/1742,240/6891,80/3639-3,41/1019,49/8541,253/3009,221/5114,120/2070,00/850,201/6631,44/9567,85/9019,247/8412,25/4653-2,62/4124,176/2058,70/5153,291/5136,84/4625,s/WKGSeah,173/6851,89/10700,257/8402,152/6142,155/1447,05/6497,146/0413,33/9679,b/TorstenBraun,70/9321,226/7933,223/6287,62/3147,120/8752,227/1928,21/4181,251/1499,39/7035-1,l/PascalLorenz,147/9840,93/4031,260/1588,180/6064,197/3152,135/6466,167/7695,253/0545,69/3857,77/8089,70/6992,99/11050,191/7713,11/5931,15/39,194/1845,234/3929,07/11335,142/9129,19/1154,66/2054-6,17/11471,43/5357,71/9020,139/0914,128/5118,07/9079,117/4596,204/4630,204/4950,60/2458,65/5627,18/466,05/2263,15/4208-3,143/4776,146/9056,242/7473,186/8821,48/2647,67/9781,239/8960,64/2255,05/1958-5,263/1212,263/1613,49/7713,c/KimKwangRaymondChoo,90/1629,47/477,221/6553,70/798,273/1576,156/6018,13/8705,97/2016,42/9285,61/5286,16/7566,97/9748,157/3802,81/4761-2,21/1931,92/10117,237/7747,66/4707,42/179,89/10772,16/6730,157/2665,25/1234,236/4378,48/8318,68/4423,221/6298,262/8576,120/4527,206/0945,21/7707,62/9980,05/4046,118/1674,186/2790,64/1967-5,87/1880,28/4351,77/862,74/8773,19/2932-1,27/1183,238/3992,64/9246,76/4975,132/3221,23/9116,34/2036,l/JaimeLloret,78/1033,86/0,128/3257,40/8858,221/6293,17/5631,171/5320,43/5583,63/4797,214/2906,32/2258,240/5106,56/6543,01/4877,247/6137,92/7419,00/8334,45/6646,165/1978,170/4838,199/8940,134/0799,32/8087,57/8298,39/2414,70/11286,216/9668,02/1331,a/AAbraham,28/1807-4,239/9014,64/8717,217/0314,141/6424,47/1713,39/7209,73/7603,79/8584,38/5641,33/6012,192/3717,117/3313,202/2259,275/2473,206/5293,53/4284,89/8379,141/6461,140/2145,254/9295,257/8696,39/8851,82/2803,282/5330,191/6640,04/1616,238/5807,65/2239,40/340,158/4648,53/9359,78/10960,160/8465,60/9700,261/8638,a/IrfanUllahAwan,03/3649,01/4965,31/10122,56/8897,02/7030,231/4996,259/3621,03/4218,229/3251,132/6082,247/7739,230/4801,72/9559-1,88/2456,201/5981,57/689,69/821,290/1601,257/8423,117/3357,207/1117,76/3232,171/2572,46/7830,181/1128,217/3332,70/2368,92/7911,36/1023,96/593,12/1770-6,49/10778,157/0061,42/398,138/1054,c/WeiChen36,15/3963"
Alan M. Braga,202/1503,"91/2760,189/9857,10/1483,47/8106,201/6726,163/4506,47/8013,189/9826"
Rytis Maskeliunas,89/4656,"66/396,07/9766,115/4585,260/3917,264/5268,230/1696,14/3591,174/7555,222/5258,206/0925,55/6910,60/6244,15/3403,253/7330,64/2091,235/1065,250/6298,75/7451,222/5209,24/4105-6,25/250,240/0833,85/11276,260/3867,225/5655,225/5656,126/0075,78/2577,86/20,238/2622,282/8461,04/75,22/585,11/1181,266/9569,85/7502,253/7123,253/7197,260/3665,97/8296,281/3408,151/7138,235/1198,86/1079,246/1809,250/6239,126/0088,238/2560,19/4864,167/5089,47/8013,222/4580,167/4372,287/7726,257/4033,44/6760,222/5228,126/0089,225/6326,281/3320,221/7475,260/3873,212/7019,256/1321,193/7128,147/6942,275/4785,146/8348,20/1033,63/10410,169/1838,281/1992,281/1811,256/1339,238/2570,256/5162,240/8251,91/2760,282/7773,75/10829,184/6139,188/6543,282/9904"
Saulo A. F. Oliveira,163/4506,"23/9794,87/4441,10/1483,188/1890,211/5031,222/7397,163/4376,202/1503,47/8013,201/6726,10/3853,200/9735,91/2760,163/4293"
Robertas Damasevicius,15/3403,"188/6543,25/250,22/555,58/8054,74/982-1,140/6239,222/4580,232/7580,256/1321,13/6246,243/9225,282/9904,260/3867,225/6326,281/1992,08/7638,44/6760,30/3154,183/8869,51/1708,248/2078,230/1696,212/7019,16/3576,71/8783,256/5162,91/2760,235/1198,174/7555,235/1065,253/7123,260/3873,30/7040,167/5089,47/8013,126/0094,243/3144,198/4495,126/0078,195/0903,256/1339,291/3227,182/2316,238/6844,225/5655,33/2679,266/9569,253/7197,21/3611,63/10410,261/6161,94/904,82/10609,76/1584,240/8251,124/5336,282/8461,292/2862,203/6601,92/1249-2,92/7728-2,256/3793,253/2699,246/4502,17/1140,156/0601,75/10829,250/6298,229/4847,180/3544,254/4366,92/9452,287/0170,69/9731,243/9269,98/4746,225/5656,59/4826,260/3917,12/4377,199/7363,k/VijayKumar3,260/3665,168/6618,264/5268,184/6139,126/0079,281/6509,168/1975,126/0088,17/10891,29/7556,182/5185,49/7761,t/JoaoManuelRSTavares,90/1523,85/11276,146/8348,192/8427,273/4752,130/2800,250/6239,86/1079,01/11187,178/0718,263/5805,275/5054,07/9766,83/985,281/3320,163/8496,64/2091,234/4833,49/10981,27/3860,257/4033,66/396,193/7128,28/2505-1,66/3973,222/5258,262/0212,225/7668,258/5258,192/2513,115/4585,253/7330,83/5213,221/7475,22/585,240/0833,201/2295,97/8296,11/1181,85/7502,29/5259,246/1809,258/4388,214/2508,289/6837,236/8571,259/0260,222/5209,275/0782,258/5472,181/2820-53,33/9368,09/3723,202/9750,93/6456,14/3591,222/5228,236/3980,04/75,295/1307,75/7451,281/1811,44/6576,55/6910,140/6137,282/7773,126/0077,287/7726,131/7682,295/1739,01/2240,19/4864,23/1455,263/5740,86/20,243/9047,k/VijayKumar5,178/5548,214/0336,151/7138,64/4642,14/1185,34/4835,89/4656,24/4105-6,20/1033,31/3554,76/11227,95/3754,214/3997,64/391,53/6118,187/8068,281/3408,83/1130,221/7854,243/9195,206/0925,147/6942,275/4785"
João Paulo Papa,96/3441,"73/4370,157/3053,18/3745,261/2718,251/6170,201/8507,77/10105,64/5602,20/5139,31/2500,24/7231,53/3609,30/5446,25/9173,188/7595,197/5038,37/1873,41/7057,130/5868,79/3141,210/7380,98/7941,83/5213,225/8028,78/9590,47/8013,234/2300,275/7295,00/1197,168/8665,53/5324,32/9962,159/2187,t/JoaoManuelRSTavares,61/1521,48/7659,00/1588,f/AlexandreXFalcao,208/7460,133/0841,72/1315,81/396,72/954,201/6726,181/0376,53/900,30/10197,149/9190,181/0272,41/6843,186/2271,198/7380,123/7653,14/6829,25/5812,149/2541,126/6215,s/RicardodaSilvaTorres,51/11451,121/8054,58/10701,c/AndreLVCoelho,193/5395,126/6191,152/6333,90/7990,80/4900,17/8936,169/9880,22/3545,07/8671,25/3419,214/3603,221/5363,38/10197,65/5236,208/7517,197/4998,249/8079,37/3372,167/7540,126/6221,11/2899,30/1980,68/4272,06/10701,21/1063,66/898,14/6178-1,133/4047,152/8557,96/3717,35/3314,f/EdwardAFox,94/1127,122/9986,214/3657,123/7718,81/2446,43/1304,43/10170,139/4330,93/9851,209/7569,o/CarlosASOliveira,75/10342,08/4670,30/2806,225/8401,34/4377,78/8629,85/6254,65/4906,221/3701,229/7176,81/953,77/7732,07/8459,59/7740,155/3176,208/7549,11/4333,58/4241,93/789,18/11450,130/8635,p/HemersonPistori,254/2494,61/7495,42/168,133/4131,91/2760,239/8208,197/4982,279/9332,150/4461,268/9451,164/7973,146/0323,127/8696,280/7870,183/0492,92/8934,f/WeiguoFan,93/4631,142/3970,195/0884,138/2863,133/0792,22/6341,34/9173,146/0282,127/8654,48/4609,234/2355,202/6190,260/2351,207/8149,176/9912,45/1395,249/7991,188/2913,36/1416,11/7034,75/7627,133/0292-1,126/0975,27/4020,165/9232,197/5027,238/2664,79/10375,10/2834,57/8061"
Clayton Reginaldo Pereira,208/7460,"73/4370,91/2760,133/0841,t/JoaoManuelRSTavares,f/AlexandreXFalcao,25/9173,116/9130,165/9232,58/10701,30/10197,198/7380,234/2300,208/7517,121/8054,47/8013,149/9190,06/10701,30/5446,75/2327,96/3441,221/3701,248/1802,94/3962,261/2718,155/3176,150/4461"
João Batista Furlan,43/3761,"208/6747,150/1679,139/8798,218/2219,218/2183,218/2208,47/8013,83/5213,91/2760,208/6829,211/5031"
Wei Wei 0006,24/4105-6,"14/8131,95/63,154/4870,234/4833,136/1154-1,44/6760,82/10609,33/9368,221/6121,42/6466-1,91/2760,39/8390,88/436,64/2633,61/5618-4,15/3403,179/3262,225/6326,44/740,40/4747,181/2812,29/8493-1,91/1388,90/1523,82/5051,294/1320,177/7618,56/8350,88/4289,64/6025-22,66/601,289/4450,20/8688,84/2082,221/7854,94/3694-5,49/225-5,181/2817-157,28/4019,221/7822,253/2699,55/6614,49/3283-22,194/3729,232/5083,c/XiaofengChen1,238/1755,263/5805,02/3672-1,33/3823,54/4158,69/1904,187/9114,02/3450-4,07/9766,10/10774,150/6500,60/1152,97/4989,94/5051,160/2483,d/DingZhuDu,64/6025-58,59/136,35/7092-206,07/5723,169/6577,61/4095,02/8276,62/3147,245/3044,171/1077,21/3611,181/2626-2,29/5259,56/3752,136/9554,41/3836,292/0775,59/2227,53/6118,19/1766-3,235/1198,120/3255,52/8523,163/8496,20/8388,184/6139,83/1130,73/6318,05/7222,214/3672,95/6295,54/2062-20,263/5740,76/1584,97/8296,x/NaixueXiong,74/8773,89/4656,59/871-14,139/0423,204/1665,64/1967-5,261/9807,09/3666,84/1733-1,214/2508,z/AlbertYZomaya,78/10960,08/2185-1,76/2452-3,92/10699,85/5833,49/594,96/7005,04/10735,01/6494,182/6088,178/1511,95/328,68/6558,30/7040,57/9993,19/9487,34/11239,12/5456,28/5916,133/6502,k/SameeUllahKhan,49/6772,21/9114,16/3576,193/7128,69/3913,55/5407,52/323,61/5245,43/2474,70/6810,75/7451,58/1390,187/9326,225/7668,64/4642,33/5448-49,232/4900,45/4716,52/10178,47/8013,259/0260,168/2131,27/4551,92/7728-2,18/7761-1,66/7804,32/4359,l/JaimeLloret,197/1322,55/6910,50/6759-10,218/9938,94/904,21/3047-2,204/1504,05/678,86/4211-2,31/3554,74/982-1,59/10188,180/3544,162/4524,31/5990,180/1335,15/10014,275/0782,212/7019,29/8626,l/ShiNingLi,76/9456,135/7188,97/1972,11/5123,181/2820-53,151/7138,80/8608,191/8130,76/9779,261/5636,64/391,56/3116,45/6627,46/2563,189/2298,42/1514,127/4841,263/1192,33/4610,76/10405,195/2772,92/309-10,185/7320,66/3973,08/11239,15/1123,44/6576,168/6068,64/2091,35/7092-77,01/2240,206/9748,26/3849,33/4550-4,12/944,175/3324,256/3793,179/8268,58/8054,76/5789-2,25/3246-1,229/4847,45/4440,66/4466,08/7638,51/3710"
Joel S. Da Cunha Neto,218/2219,"218/2183,218/2208,43/3761,47/8013,91/2760"
Eugenio Peixoto Jr,248/1793,"201/6631,47/8013,248/1909,91/2760"
Régis C. P. Marques,10/1483,"47/8106,269/5104,189/9857,174/9281,117/5260,91/11134,201/6726,213/1744,213/1706,202/1503,47/8013,15/3962,189/9826,163/4506,79/5182,33/8632,292/7272,266/0237,276/7422,91/2760,23/8107"
Guilherme P. Ferreira Da Silva,218/2183,"218/2208,43/3761,47/8013,218/2219,91/2760"
Gui-Bin Bian,143/0298,"136/9439,226/9993,154/5775,32/9855,59/873,115/7106,163/3972,171/7373,261/2951,136/0510,261/8404,160/8362,62/7967,190/7435,192/1917,188/8899,152/5057,186/3610,211/9569,74/2397,237/9655,39/6736,271/0083,20/8714,220/2208,41/639,261/2867,123/2348,84/4049,229/8285,173/6733,241/7013,261/3870,240/3503,00/155,227/4865,60/6089,47/2026,203/8774,261/2700,94/5167-2,167/0893,99/549-3,33/1685,210/9246,249/5700,238/1711,208/6829,58/5378,185/2064,261/3521,52/8915-4,66/5574,150/1679,86/8617,38/5557,g/AhmedGhoneim,133/0183,91/2760,93/10014,183/6320,49/9916,225/2071,254/7751,238/1757,200/5697,261/2610,154/5823,222/1818,242/1114,49/3800,173/3758,204/8706,49/4826,72/2833,80/2732,194/9196,49/595-1,35/3435,25/1234,229/6261,72/7654,218/2869,50/2484-53,138/0771,129/8082,204/5862,06/2592-9,71/844,261/3352,48/10500,256/2066,261/3487,15/4246,70/2932,75/2327,63/6244,27/7017,55/5445,149/7441,241/6933,55/5241,97/8704-79,07/9766,176/6794,253/0238,231/4882,69/2068,77/7902-2,47/8013,52/2889,195/8928,261/2930,202/3631,150/0864,202/6064,63/778,294/7826,56/4802,10/7647-1,16/4505,82/4206,23/5885,54/1217"
Paulo Cortez 0002,71/2978-2,"27/10620,125/5871,176/9912,149/6902,167/6934,63/93,27/191,128/4684,47/8013,13/6510,28/1189,15/10396,23/9794,167/6858,70/3961,176/9888,t/JoaoManuelRSTavares,121/2504,01/10396,64/1281,167/6942,231/4973,149/9190,161/2612,149/6910,72/1363,176/9894,144/2501,50/2205,91/2760,37/7409"
Thiago Nepomuceno,229/8285,"07/9766,208/6829,143/0298,47/8013,91/2760"
Rafael D. de C. Silva,211/9729,"30/5446,211/9546,91/2760,94/8093,83/5213,255/3062,25/3419,47/8013,211/9655"
Jaime Lloret Mauri,l/JaimeLloret,"205/7268,137/6167,57/6103,96/2042,59/3021,122/5130,74/4413,25/5105,35/2293,178/8527,206/8643,48/2168-7,35/3725,b/SungWookBaik,84/8134,71/10841,46/6747,r/OscarRomero2,53/2189-49,139/4375,02/4425,139/3290,230/0353,55/6614,141/6461,137/5087,33/4101,93/8541,78/744-4,66/9205,59/8379,40/3858-2,154/6196,58/4758,31/3968,25/3419,207/2399,y/LaurenceTianruoYang,217/1283,k/VipinKumar,44/6790,70/188,11/9116,75/9285,05/3701,s/WKGSeah,15/4131,137/1377,159/2187,243/1319,137/5184,160/9829,89/10696,160/5605,33/10425,168/7185,138/0214,98/845,152/5148,62/3147,19/1908,39/3026,247/4763,27/11473,13/6395-3,89/120-2,157/2665,78/10960,68/720,66/2701,245/7788,214/5828,136/9554,68/11339,147/0495,281/6426,245/7738,79/2597,218/7432,24/4105-6,06/7641,66/4694,87/4742,83/5186,54/5625,202/2922,21/138,86/660,53/7218,50/6996-3,21/4181,175/5899,21/9114,34/2264,191/8645,92/2389,35/2685,212/6659,206/5947,46/3473,08/9023,237/9197,138/6914,238/5978,157/3802,195/3333,30/1756,141/5718,69/281,62/10781,21/7707,10/3499,94/4717-5,212/6690,174/1747,223/2956,38/6840,240/7712,139/7554,223/2959,34/10364,l/PascalLorenz,142/9279,28/582,132/5537,43/2085,b/PaoloBellavista,134/3502,231/3090,216/4262,191/5755,66/2054-6,39/1442,82/2790-2,214/5916,95/6725-2,89/7718,98/9663,165/2532,94/9118,52/575,155/8045,157/4818,78/6004,53/367,48/1674-1,04/7464,09/5961-4,44/2065,154/4258,00/10001,53/6442,240/1425,264/8345,181/2323-5,93/7379,52/6173,190/2236,86/2961,155/8344,75/178,02/8276,228/9669,174/0499-2,66/9552,57/5053,78/1033,178/8523,190/6566,k/AshfaqAKhokhar,212/9933,09/8603,190/3760,149/6544,233/4958,10/7465,38/9839,192/6741,81/6019-2,167/7562,198/9140,152/7516,33/3823,233/5182,72/3407,266/0013,98/476-1,192/8822,268/9537,170/2358,85/903,116/2820,37/252-1,88/4960,19/2932,76/4975,259/9641,27/9839,126/1143,223/2845,09/1365-50,115/4424,51/6856-5,08/7573,122/5109,c/DianeJCook,39/8298-1,235/2180,142/9157,14/8275,49/11050,92/1480,67/4958,83/345,38/6049-6,237/9209,233/5261,30/5444,73/447,213/9594,116/2933,01/3133,93/10671,83/2526,68/4423,145/4467,177/0901,259/4914,215/8426,94/2530,97/4817,a/MAtiquzzaman,126/0716,214/1653,234/7991,78/5250-1,129/2480,146/2070,141/6424,96/1434-1,183/4899,93/2912,231/5018,15/1123,52/323-13,225/6029,139/7124,05/10445,91/2760,03/103,59/10093,137/6908,65/8167,178/8509,140/8463,31/966-1,144/0554,46/1820,19/2932-1,54/10039,49/10039,80/3898,64/8637,36/1648,29/5366,94/8099,10/6898,47/1713,24/1549,39/3280,223/2871,210/1521,15/6840,133/0292-1,04/8395,m/ElsaMMacias,04/7255,118/1674,192/6557,250/3525,21/1587,19/6445,233/5219,88/7380,55/7033,86/5931,s/AlvaroSuarezSarmiento,37/4410,43/2710,47/8013,294/8961,245/7785,235/2122,23/9116,06/4240,214/6230,57/8298,37/234,156/7751,116/4606,78/6423,64/5289,46/2681-1,49/9280,03/7632,84/4762,173/5567,266/0006,74/6497,233/5028,99/1909,91/3684,47/5183,217/4690,121/8735,119/9160,02/3108,71/4849,49/7713,32/9031,46/7206,67/6717,124/0343,m/ConstandinosXMavromoustakis,169/2910,182/7388,202/2996,78/11466,137/0070,97/4333,72/3375-3,82/6843-3,32/6533,141/4441,02/5702,09/3625,251/1533,143/9329,220/8968,73/6318,92/1023,223/3049,177/8503,140/1285,178/8504,41/7957,59/7700,139/0137,260/3864,72/767,146/1588,146/7922,74/8658,22/4676-2,x/NaixueXiong,237/9249,95/7989,00/5012-6,32/4821,18/4822,40/4747,165/5146,08/7188,13/2908,19/6782,05/1627,94/207,257/7473,164/7402,206/5678,53/9359,64/6025-64,61/6196,49/594,271/6435,91/9954,72/8946,13/8846,77/3800,40/4314,86/4432,92/10117,25/2185,25/4656,91/11068,139/7452,12/6354,61/1509,271/3794,00/3078,75/51,74/5570-2,37/1682-1,148/8564,02/4334,13/1688,165/2509,246/5435,167/0866,137/9941,182/7695,s/QuanZSheng,150/1679,150/1521,160/1127,223/2834,70/7684,01/5092,181/2808,225/5875,33/4435,258/2972,11/8135,91/4689,173/5581,08/1353,36/1005,73/8780,210/1258,37/6867,206/4203,35/3530,260/3658,219/3227,93/11067,67/840,75/2122,17/7647,127/3464,227/1315,81/4761-2,234/7934,173/4824,122/5371,223/2829,123/0861,07/9782"
Natalia B. Da Cunha Olegario,218/2208,"218/2219,91/2760,218/2183,43/3761,47/8013"
Raphael Torres Santos Carvalho,27/10620,"71/2978-2,47/8013,91/2760,231/4973"
Saulo G. C. Albuquerque,211/9546,"83/5213,47/8013,211/9729,211/9655,91/2760,94/8093"
Mohsen Guizani,15/1123,"84/10816,175/8662,13/10456,79/5692,275/0645,124/9903,226/6662,156/2442,268/7113,265/0100,138/5950,267/2864,145/0602,236/3127,189/1500,07/884,122/5605,152/3729,145/0033,84/4327,166/8936,54/7398,236/1121,12/3447,72/628-1,s/WKGSeah,58/11489,120/4290,67/876-1,47/722-22,80/10109-1,187/6138,118/7641,245/1327,59/2378,157/4740,00/5457,99/3982,10/5209,71/2450,214/2906,34/2264,13/6769,267/0042,97/3499,132/9076,214/6631,53/9131,37/4356-12,156/4605,81/583-1,211/8056,04/612,143/9237,55/8576,03/4943,50/6636,162/2082,01/267-1,12/989,90/2817,82/2790-2,52/5264-1,211/8955,68/4423,207/8776,218/9545,g/AFGomezSkarmeta,70/8821,77/2751-8,w/LeiWang5,183/1471,27/173,217/3361,19/5635-1,45/3906,42/2501-1,66/4313,177/1420,246/7006,41/10062,171/2584,01/10126,44/4066-1,25/2295,266/9366,240/2177,22/6620-5,40/2808,225/2691,06/7883,48/450-1,153/0004,235/5939,147/0560,257/4216,84/3594,63/4747,36/4847,18/7223,86/1369,06/868,182/7194,151/2774,55/725,26/3830,00/6823,52/6941,84/2613,20/1461-2,137/5184,00/10372,12/417-1,29/3826,20/3894-1,25/2165,42/693,167/6121,61/108,50/8279,40/2231,70/1726-6,89/6358,26/2546,56/3831,25/5560,00/1971,65/7464,125/0318,38/700,290/5268,56/4018,133/4882,54/10039,78/2235,84/1905,201/1271,41/4012,120/8326,236/4524,150/4809,80/135,04/8395,221/8852,128/7841,126/1143,118/7560,10/3200,37/1091-5,25/1667,l/PascalLorenz,97/378,287/7221,21/2317,34/2130,34/11044,139/7385,06/6785-25,168/2644,280/7273,04/1616,02/6455,172/5484,72/3375-3,04/8235,l/JingLi11,90/3575,295/2702,132/7795,122/2628,92/7804,157/8293,29/991,65/6687,18/4231,44/4065,118/2092,11/383,218/5224,55/5564-2,96/10125,30/9079,71/5266,14/190,252/3068,02/213,z/TaiebZnati,129/1516,67/6026,53/4284,292/3295,32/4821,91/5838,98/6377,23/1788-3,80/4888,86/2663,158/4648,78/5587,97/2274-31,99/4694-1,150/4698,59/5213,25/3419,00/440-1,92/7742,65/4599,31/7325,253/3009,65/5195,24/1403-1,40/2991,48/1294,79/2597,w/JieWu1,09/6556-3,67/1724,20/10812,167/4277,96/361-5,14/8823,166/0036,202/6883,31/9759,11/7195-1,64/3988,52/7458,02/1225,245/3713,35/9455,254/0687,60/167,220/9710,31/966-1,48/5700-1,22/2131,70/5794,45/7487,65/434-1,58/7503,30/1775,70/5417-1,94/60,82/4816,17/2933,253/9287,70/2140-1,12/9764,129/9743,66/190,207/5904,17/1557,46/3809,19/3059,136/0901,183/1881-2,204/7893,69/5289,254/7853,73/2285,68/1652,16/4408,34/7561,12/8228,40/11344,58/10509,54/9149,10/7465,286/5499,07/7486,194/6963,182/9741,194/7012,09/4139,92/4638-1,130/3080,85/6463-1,224/0885,31/506,55/7909,83/6194,t/EduardoTovar,17/2703-2,12/10146,73/5444,225/1462,128/3965,05/9631,231/4950,66/1936,269/8924,59/554,x/LiangXiao3,148/4501,14/2991,00/8334,94/11145,34/8893,151/2776,a/AHAghvami,35/2094,20/6234-1,88/5173,56/10016,50/1242,98/1677,87/10698,229/1207,160/4521,97/4581,269/8414,181/2745-2,221/2988,97/2966-4,49/3283,33/717,239/2809,39/10010,145/4327,144/7615,72/7411,218/6019,83/3855,w/WeiWang12,01/5283,22/1986,254/0675,213/1011,94/10666,81/8817,97/2274,266/7958,84/6444,03/6757,60/4601-5,200/4313,235/0428,25/4653-2,210/2920,57/1976,68/4942-19,60/7845,10/5630-1,60/1395,137/9681,23/553,90/2018-1,211/9150,146/0413,63/4802,88/3562,05/3499-25,00/2434-1,212/8128,m/HausiAMuller,36/8360,50/6471,195/5961,01/1191,183/2625,13/5195,91/10799,53/4234,155/7138,a/MAtiquzzaman,183/1870,132/4191,205/0462,21/6676,130/4585,95/3681,35/7092-76,65/1128,09/2949,09/5441,238/3727,16/3938,210/3259,n/ShojiroNishio,90/1379,33/6012,69/3818,84/4625,06/1899,91/7392,22/5535,159/1547,201/1235,185/5722,218/5381,95/368,254/2744,31/2597-1,95/7909,37/4024,49/7564,134/3945,214/8964,s/BiplabSikdar,04/2024,28/7219,224/5774,04/7436,55/8186-5,99/72,49/7488,181/2323-4,23/8275,89/1428,236/2810,67/7206,06/409,192/8969,203/9647,74/2204,75/7682,80/5510,96/600,51/5022-2,01/4301,46/2005-2,70/6154,239/3454,92/4541,159/9429,23/2060,68/5281,154/3516,98/4500,132/5537,181/2839,65/3277,01/753,01/10127,68/1974,81/1475,29/7910,57/6635,46/999-3,67/6409,78/5250-1,83/3301,00/4568,55/3719,48/5638,97/4028,50/3147,199/3954,83/1732,02/2683,138/1054,265/7849,c/CFChiasserini,25/9133,177/6209,236/4832,167/3466,190/2186,79/1157,20/6179-1,51/4138,51/3710,25/10110,137/0114,09/2085,93/6277,229/1164,133/4942,36/1023,93/4137,245/4659,132/9197,25/4202,05/8388,76/5272,76/185-2,90/2221,81/1832,46/1218,02/3460,92/2834-1,43/4720,57/264,15/6430,12/53,87/3074,37/7763,81/4761-2,16/6465-5,45/10403,46/46,187/4993,19/2932-1,242/7056,06/5514,10/2191,266/8494,49/10239,55/6835,173/4864,143/1232,266/7359,65/7582-1,24/10132,260/1203,66/5574,187/4792,89/1900,27/7895,90/7804,171/1136,k/AshfaqAKhokhar,246/6397,51/5472,73/1122,09/2730-1,239/3445,140/8304,98/9663,40/4385,206/1731,188/8899,49/8346,145/4239,05/3212,16/8479,45/1543,13/9904,44/7814,27/1615-1,80/3885,39/1037,65/9904,63/1919,46/5932,223/8436,42/11140,06/2700,41/1019,86/6522,71/4341,168/0527,43/5685-2,56/7894,294/0950,130/9027,224/4372,138/6914,287/6949,239/8938,67/804,153/3138,38/7211,76/3232,147/6135,09/3053,265/7744,162/3248,03/8774,260/5019,128/3262,178/2759,244/8514,42/4198,73/8286,86/541-7,38/6823,23/7909,94/7080,232/4944,72/1985,81/1710,278/0082,87/254,32/6230,57/8298,248/2650,194/6964,68/3369,260/1899,44/3992,30/2914,133/3857,55/3387,70/2539,75/2596,73/6168,01/6745,245/3964,71/5646,36/310,04/10775,213/7942,132/7767,155/3068,233/9484,276/3526,97/4626-15,217/3426,211/8999,91/1334,b/AzzedineBoukerche,274/2328,50/545,17/218,z/HongliZhang,185/2670,211/6446,202/6932,97/5389,w/HaoWang-3,71/2824,56/2037-1,222/6820,255/1179,20/4094,204/3574,238/2551,183/5431,128/3320,244/9060,57/10728,87/1585,81/11050,128/8237,08/3821,177/1983,36/2183,214/6650,242/7199,25/10128,35/573,18/4822,181/0469,29/6497-1,243/2755,228/8260,04/255,55/7033,179/8497,242/4446,40/5323,64/3062,21/4301,24/9650,75/3854,56/2116,24/4105-6,41/3038,69/489,137/3639,73/4067,143/1085,28/6850,67/3002,152/5148,46/7054,70/8117,45/4954,85/6313,53/6133,218/4816,181/2672,79/6174,245/4732,07/1610,90/3184,24/6442,69/4484,59/8489,25/7558,91/3045-2,51/1769,59/9969,43/6294,208/0703,52/7944,230/3500,219/9432,08/2359,42/1753,184/6690,92/3836,79/2310,64/2633,76/440,275/8293,38/4538,27/4749,181/2667-8,64/6025-Wayne,21/4633,84/6889-61,266/8426,218/7764,221/8969,241/2287,05/3920,73/1685,55/8276,161/4538,w/HaoWang47,91/9954,125/3616,47/8013,18/477,249/3933,202/7478,158/5207,221/8973,69/821,04/6233,43/6524-1,24/41,95/796,196/4267,173/5360,05/8743,16/3418,09/5360,22/6188,33/9707,177/0901,195/9170,178/6310,71/8029,144/7211,41/749,156/4456,j/TaoJiang-2,258/5492,35/3276,12/2450,160/4970,56/2807,25/2352,28/4847,03/9157,65/5270,251/1401,181/2626-2,34/4038,233/0969,g/AhmedGhoneim,85/11470,20/8784,07/4182-0001,177/0938,180/8696,m/YiMu,223/7746,126/7646,161/2212,160/0715,38/9839,188/7759,121/9058,21/2212,74/7537,43/5060,117/4904,151/6230,64/3421-1,89/4899,225/9944,15/164,160/1571,27/10474,60/11261,210/3589,53/2192,15/2288,88/5697,74/8118,54/10406,33/885,32/4353,27/8863,96/1149,37/1304-1,48/6513,57/2622,157/4784,36/8515,149/0004,40/1186,93/1356,44/9374,80/8323,59/8379,36/7615,52/11068,98/4623,36/4193,30/6904,64/4192,21/1037-5,77/6747,29/5010-6,90/6916,277/9854,o/OznurOskasap,18/1520,19/2453,168/4714,76/6677,203/3383,60/2243,l/JaimeLloret,10/5292,167/3129,192/3773,83/1359-1,92/2437,271/5197,35/837-23,220/3231,52/854,189/2767,84/3821,94/4726-1,91/3456,w/YuWang3,01/2775,16/3283-26,29/4366,36/10365,289/2606,120/9719,233/9348,07/5841,63/6619,58/4162,277/3048,70/4766,07/5819,239/2723,91/2760,92/2443,56/1670,254/7745,27/6389,176/5867,04/7723,67/398,255/9223,233/9500,60/7270,82/7699,37/10763,96/4283,236/8960,203/9576,194/7105,44/4288,11/6297,65/1462,137/9492,238/4006,03/3524,44/10097,33/4604,169/2579,94/5600,17/3466,07/1898,182/5185,138/6907,88/7183,50/6996-3,26/3075,277/9546,94/4423,92/5008,04/3348-2,136/1220,74/2768,292/2539,89/6764-10,194/6965,52/3563,289/7050,118/7197,98/1345,98/3129,227/7788,129/2393,92/8861,52/3194-14,25/5352-2,205/9451,132/9361,97/6043,87/3633,144/8314,198/4329,64/6461,260/3146,58/2521-2,148/0534,36/7513-4,213/0930,z/WeizheZhang,78/1033,28/7618,214/8295,02/2407,32/932,200/8850,04/8276,76/1561-1,02/1263,63/10575,268/4719,61/2118,59/3021,158/8727,99/5168,c/XiuzhenCheng,02/8276,40/4747,62/2631-1,c/HanChiehChao,16/4301,127/6524,05/1693,14/4536,12/6604-1,64/8637,153/3112,29/9454,04/8707,155/6632,207/1743,22/10123,84/7232,12/854,23/4511,95/4070,76/5177,35/2293,36/4256-3,38/11139,220/2887,85/7556,10/4661,243/6488,138/4391,127/1351,98/6208,249/5315,64/10877,36/8480,16/9939,48/8970,55/1740,194/8101,39/2537,99/1415,78/744-1,181/1848-1,11/1952,14/1654,178/5623,137/6752,132/7952,51/1047,72/872-9,51/3942,161/6927,22/10184,200/8431,16/7970,194/2280,22/4613-6,04/1783,12/4587,24/9047,29/1059-1,21/2416,238/2848,l/JingLi6,72/3527,147/6650,36/8388,14/3472,57/2583,r/AbderrezakRachedi,05/2229,25/5105,98/4219,67/840,50/3930,167/2308,70/3686,221/8886,75/5723-15,89/6764-17,229/9445,202/6578,144/0554,59/803,244/4345,35/1096-4,56/7815,164/7424,31/8333,87/1222-5,64/5836,16/5172,195/0116,07/7508,97/1764,81/6236-1,l/JingLi12,76/3131,261/4273,266/1771,78/2022-32,73/237-1,78/713,65/3294,02/5626,17/10372,24/1030,221/4153,17/8604,18/466,217/3332,28/7846,14/8431,j/RikuJantti,266/9311,92/1942,19/5809-1,255/2373,23/10278,85/5148,228/3505,70/2173,82/9805,221/6015,181/1281,34/9386,130/1864,53/6225,212/4460,36/6699,96/5737,74/1079,52/3823,71/10841,60/6851,33/4528-22,13/5407-6,219/3643,c/KimKwangRaymondChoo,116/2851,96/25,120/6940,57/689,163/7720,182/7432,143/1317,177/2764,174/9863,115/8715,226/9332,255/2192,29/1944,16/6654,181/1848,73/6512,78/10960,90/4225,13/29,41/2526,46/2089,57/10428,72/1669,218/5376,02/9497,166/3258,89/10772,71/7672"
Artur de V. Muniz,211/9655,"211/9729,211/9546,91/2760,94/8093,83/5213,47/8013"
Maurício Nunes Kleinberg,172/8662,"47/8013,91/2760,172/8076,172/8655,172/8176,172/7934"
Fabio Cisne Ribeiro,231/4973,"71/2978-2,47/8013,91/2760,27/10620"
Amauri Holanda de Souza Júnior,131/3352,"91/2760,64/5826,117/5260,17/322-7,70/6931,150/2808,163/4293,47/4042,193/6861,47/8013,73/2366,236/4965,88/4801,205/0478,193/7128,72/3054,33/291,163/4376,20/2322,67/1014,198/8705,156/3796"
Francisco Diego Lima Moreira,172/8076,"172/8176,172/7934,47/8013,91/2760,172/8662,172/8655"
Daniel de Alencar Lima,204/3241,"91/2760,201/6702,204/3160"
Hemerson Furtado Arruda,172/8655,"172/8176,172/7934,47/8013,91/2760,172/8076,172/8662"
Sidarta Ribeiro,94/8093,"211/9655,244/7200,60/11284,156/6906,78/438,52/9520,75/2327,30/5446,211/9546,183/9750,192/2046,244/7206,47/4322,169/3954,27/7990,163/6633,163/6647,27/8094,183/9803,91/2760,47/6583,163/6575,87/3563,47/8013,182/2104,183/9789,16/752,32/2495,20/6092,292/3553,211/9729,163/6726,47/1020,244/7214,244/7239,83/5213,163/6781,163/6468,244/7257,244/7123,71/9223,79/6762"
Francisco Nélio Costa Freitas,172/8176,"172/7934,47/8013,91/2760,172/8076,172/8662,172/8655"
Igor Rocha de Sousa,228/1575,"47/8013,91/2760,228/1760,76/5770"
Cleiton C. Silva,78/9590,"34/9173,126/6215,47/8013,188/7595,91/2760,96/3441,t/JoaoManuelRSTavares,126/6221"
Plácido Rogério Pinheiro,83/5213,"249/8079,36/5791,237/8247,275/2111,56/7256,16/5211,221/5363,55/6805,237/8083,64/6515,186/2271,67/10584,67/3698,65/2751-2,18/3784,275/2466,94/5167-2,62/2444,96/3441,47/8013,150/2053,271/8224,06/217,151/0768,211/9729,211/9546,c/AndreLVCoelho,70/7255,42/4180,91/5328,40/3882,252/0821,167/7695,139/8798,165/3303,210/2928,183/9803,67/9316,261/2718,19/5063,94/8093,275/2473,64/8467,249/8250,118/4685,242/7069,t/JoaoManuelRSTavares,68/7380,210/2986,134/0830,79/7376,290/5564,155/3176,242/7241,199/3577,187/8802,220/2208,62/4124,179/3542,o/CarlosASOliveira,290/2494,290/2440,167/7625,182/5159,117/4664,75/8725-2,63/4961,17/1423,266/7281,96/3717,25/3419,226/7933,44/4796,46/4519,183/9789,135/0892,252/0747,248/4173,230/2898,183/9750,18/10264,07/7412,272/0995,73/3347,239/9176,211/9655,128/8086,02/9919,71/8804,290/2574,43/3761,15/3403,117/4596,91/2760,145/4295,87/7376"
Marcelo Monteiro Valente Parente,172/7934,"91/2760,172/8076,172/8662,172/8655,172/8176,47/8013"
Cleisson V. Barbosa,188/7595,"47/8013,78/9590,34/9173,91/2760,96/3441,t/JoaoManuelRSTavares"
Edson Cavalcanti Neto,176/9912,"71/2978-2,96/3441,47/8013,176/9888,91/2760,t/JoaoManuelRSTavares,176/9894,209/7569,201/6726"
Elineudo P. de Moura,34/9173,"91/2760,96/3441,32/9173,47/8013,188/7595,78/9590,t/JoaoManuelRSTavares,126/6215,126/6221,47/9171"
